Rounds,Date,Home Team,Away Team
1,16/10/2018 20:00,Boston Celtics,Philadelphia 76ers
1,16/10/2018 22:30,Golden State Warriors,Oklahoma City Thunder
1,17/10/2018 19:00,Charlotte Hornets,Milwaukee Bucks
1,17/10/2018 19:00,Detroit Pistons,Brooklyn Nets
1,17/10/2018 19:00,Indiana Pacers,Memphis Grizzlies
1,17/10/2018 19:00,Orlando Magic,Miami Heat
1,17/10/2018 19:30,New York Knicks,Atlanta Hawks
1,17/10/2018 19:30,Toronto Raptors,Cleveland Cavaliers
1,17/10/2018 20:00,Houston Rockets,New Orleans Pelicans
1,17/10/2018 20:30,San Antonio Spurs,Minnesota Timberwolves
1,17/10/2018 22:00,Sacramento Kings,Utah Jazz
1,17/10/2018 22:30,LA Clippers,Denver Nuggets
1,17/10/2018 22:30,Phoenix Suns,Dallas Mavericks
1,18/10/2018 20:00,Philadelphia 76ers,Chicago Bulls
1,18/10/2018 20:00,Washington Wizards,Miami Heat
1,18/10/2018 22:30,Portland Trail Blazers,Los Angeles Lakers
1,19/10/2018 19:00,Orlando Magic,Charlotte Hornets
1,19/10/2018 19:30,Brooklyn Nets,New York Knicks
1,19/10/2018 20:00,Toronto Raptors,Boston Celtics
1,19/10/2018 20:00,Memphis Grizzlies,Atlanta Hawks
1,19/10/2018 20:00,Minnesota Timberwolves,Cleveland Cavaliers
1,19/10/2018 20:00,New Orleans Pelicans,Sacramento Kings
1,19/10/2018 20:30,Milwaukee Bucks,Indiana Pacers
1,19/10/2018 22:30,Utah Jazz,Golden State Warriors
1,19/10/2018 22:30,LA Clippers,Oklahoma City Thunder
1,20/10/2018 19:00,Indiana Pacers,Brooklyn Nets
1,20/10/2018 19:00,Washington Wizards,Toronto Raptors
1,20/10/2018 19:30,New York Knicks,Boston Celtics
1,20/10/2018 19:30,Philadelphia 76ers,Orlando Magic
1,20/10/2018 20:00,Miami Heat,Charlotte Hornets
1,20/10/2018 20:00,Chicago Bulls,Detroit Pistons
1,20/10/2018 20:30,Dallas Mavericks,Minnesota Timberwolves
1,20/10/2018 21:00,Denver Nuggets,Phoenix Suns
1,20/10/2018 22:00,Portland Trail Blazers,San Antonio Spurs
1,20/10/2018 22:30,Los Angeles Lakers,Houston Rockets
1,21/10/2018 18:00,Cleveland Cavaliers,Atlanta Hawks
1,21/10/2018 19:00,Oklahoma City Thunder,Sacramento Kings
1,21/10/2018 20:00,Denver Nuggets,Golden State Warriors
1,21/10/2018 21:00,LA Clippers,Houston Rockets
1,22/10/2018 19:30,Boston Celtics,Orlando Magic
1,22/10/2018 19:30,Toronto Raptors,Charlotte Hornets
1,22/10/2018 20:00,Milwaukee Bucks,New York Knicks
1,22/10/2018 20:00,Minnesota Timberwolves,Indiana Pacers
1,22/10/2018 20:30,Dallas Mavericks,Chicago Bulls
1,22/10/2018 21:00,Utah Jazz,Memphis Grizzlies
1,22/10/2018 22:00,Portland Trail Blazers,Washington Wizards
1,22/10/2018 22:30,Golden State Warriors,Phoenix Suns
1,22/10/2018 22:30,Los Angeles Lakers,San Antonio Spurs
1,23/10/2018 19:00,Detroit Pistons,Philadelphia 76ers
1,23/10/2018 20:00,New Orleans Pelicans,LA Clippers
1,23/10/2018 21:00,Denver Nuggets,Sacramento Kings
1,24/10/2018 19:00,Atlanta Hawks,Dallas Mavericks
1,24/10/2018 19:00,Cleveland Cavaliers,Brooklyn Nets
1,24/10/2018 19:30,Miami Heat,New York Knicks
1,24/10/2018 19:30,Toronto Raptors,Minnesota Timberwolves
1,24/10/2018 20:00,Chicago Bulls,Charlotte Hornets
1,24/10/2018 20:00,Houston Rockets,Utah Jazz
1,24/10/2018 20:30,San Antonio Spurs,Indiana Pacers
1,24/10/2018 21:30,Milwaukee Bucks,Philadelphia 76ers
1,24/10/2018 22:00,Phoenix Suns,Los Angeles Lakers
1,24/10/2018 22:00,Sacramento Kings,Memphis Grizzlies
1,24/10/2018 22:30,Golden State Warriors,Washington Wizards
1,25/10/2018 19:00,Detroit Pistons,Cleveland Cavaliers
1,25/10/2018 19:00,Orlando Magic,Portland Trail Blazers
2,25/10/2018 20:00,Oklahoma City Thunder,Boston Celtics
2,25/10/2018 22:30,Los Angeles Lakers,Denver Nuggets
2,26/10/2018 19:00,Charlotte Hornets,Chicago Bulls
2,26/10/2018 19:30,New York Knicks,Golden State Warriors
2,26/10/2018 19:30,Toronto Raptors,Dallas Mavericks
2,26/10/2018 20:00,Houston Rockets,LA Clippers
2,26/10/2018 20:00,Minnesota Timberwolves,Milwaukee Bucks
2,26/10/2018 20:00,New Orleans Pelicans,Brooklyn Nets
2,26/10/2018 22:00,Sacramento Kings,Washington Wizards
2,27/10/2018 19:00,Detroit Pistons,Boston Celtics
2,27/10/2018 19:00,New Orleans Pelicans,Utah Jazz
2,27/10/2018 19:30,Atlanta Hawks,Chicago Bulls
2,27/10/2018 19:30,Cleveland Cavaliers,Indiana Pacers
2,27/10/2018 19:30,Philadelphia 76ers,Charlotte Hornets
2,27/10/2018 20:00,Miami Heat,Portland Trail Blazers
2,27/10/2018 20:00,Memphis Grizzlies,Phoenix Suns
2,27/10/2018 20:30,Milwaukee Bucks,Orlando Magic
2,27/10/2018 20:30,San Antonio Spurs,Los Angeles Lakers
2,28/10/2018 17:00,Brooklyn Nets,Golden State Warriors
2,28/10/2018 19:00,Dallas Mavericks,Utah Jazz
2,28/10/2018 19:00,Oklahoma City Thunder,Phoenix Suns
2,28/10/2018 21:30,LA Clippers,Washington Wizards
2,29/10/2018 19:00,Indiana Pacers,Portland Trail Blazers
2,29/10/2018 19:00,Philadelphia 76ers,Atlanta Hawks
2,29/10/2018 19:30,Miami Heat,Sacramento Kings
2,29/10/2018 19:30,New York Knicks,Brooklyn Nets
2,29/10/2018 20:00,Chicago Bulls,Golden State Warriors
2,29/10/2018 20:00,Milwaukee Bucks,Toronto Raptors
2,29/10/2018 20:00,Minnesota Timberwolves,Los Angeles Lakers
2,29/10/2018 20:30,San Antonio Spurs,Dallas Mavericks
2,29/10/2018 21:00,Denver Nuggets,New Orleans Pelicans
2,30/10/2018 19:00,Charlotte Hornets,Miami Heat
2,30/10/2018 19:00,Cleveland Cavaliers,Atlanta Hawks
2,30/10/2018 19:00,Orlando Magic,Sacramento Kings
2,30/10/2018 19:30,Boston Celtics,Detroit Pistons
2,30/10/2018 19:30,Toronto Raptors,Philadelphia 76ers
2,30/10/2018 20:00,Houston Rockets,Portland Trail Blazers
2,30/10/2018 20:00,Memphis Grizzlies,Washington Wizards
2,30/10/2018 20:00,Oklahoma City Thunder,LA Clippers
2,31/10/2018 19:30,Brooklyn Nets,Detroit Pistons
2,31/10/2018 20:00,New York Knicks,Indiana Pacers
2,31/10/2018 20:00,Chicago Bulls,Denver Nuggets
2,31/10/2018 20:00,Minnesota Timberwolves,Utah Jazz
2,31/10/2018 22:30,Golden State Warriors,New Orleans Pelicans
2,31/10/2018 22:30,Los Angeles Lakers,Dallas Mavericks
2,31/10/2018 22:30,Phoenix Suns,San Antonio Spurs
2,01/11/2018 19:00,Charlotte Hornets,Oklahoma City Thunder
2,01/11/2018 19:00,Cleveland Cavaliers,Denver Nuggets
2,01/11/2018 19:00,Philadelphia 76ers,LA Clippers
2,01/11/2018 19:30,Atlanta Hawks,Sacramento Kings
3,01/11/2018 20:00,Boston Celtics,Milwaukee Bucks
3,01/11/2018 22:30,Portland Trail Blazers,New Orleans Pelicans
3,02/11/2018 19:00,Orlando Magic,LA Clippers
3,02/11/2018 19:30,Brooklyn Nets,Houston Rockets
3,02/11/2018 20:00,Washington Wizards,Oklahoma City Thunder
3,02/11/2018 20:00,Chicago Bulls,Indiana Pacers
3,02/11/2018 20:30,Dallas Mavericks,New York Knicks
3,02/11/2018 21:00,Utah Jazz,Memphis Grizzlies
3,02/11/2018 22:00,Phoenix Suns,Toronto Raptors
3,02/11/2018 22:30,Golden State Warriors,Minnesota Timberwolves
3,03/11/2018 13:00,Philadelphia 76ers,Detroit Pistons
3,03/11/2018 19:00,Charlotte Hornets,Cleveland Cavaliers
3,03/11/2018 19:00,Indiana Pacers,Boston Celtics
3,03/11/2018 19:30,Atlanta Hawks,Miami Heat
3,03/11/2018 20:00,Chicago Bulls,Houston Rockets
3,03/11/2018 20:30,San Antonio Spurs,New Orleans Pelicans
3,03/11/2018 21:00,Denver Nuggets,Utah Jazz
3,03/11/2018 22:00,Portland Trail Blazers,Los Angeles Lakers
3,04/11/2018 15:30,Milwaukee Bucks,Sacramento Kings
3,04/11/2018 18:00,Brooklyn Nets,Philadelphia 76ers
3,04/11/2018 18:00,Washington Wizards,New York Knicks
3,04/11/2018 19:00,San Antonio Spurs,Orlando Magic
3,04/11/2018 20:00,Phoenix Suns,Memphis Grizzlies
3,04/11/2018 21:00,Portland Trail Blazers,Minnesota Timberwolves
3,04/11/2018 21:30,Los Angeles Lakers,Toronto Raptors
3,05/11/2018 19:00,Detroit Pistons,Miami Heat
3,05/11/2018 19:00,Indiana Pacers,Houston Rockets
3,05/11/2018 19:00,Orlando Magic,Cleveland Cavaliers
3,05/11/2018 19:30,New York Knicks,Chicago Bulls
3,05/11/2018 20:00,Oklahoma City Thunder,New Orleans Pelicans
3,05/11/2018 21:00,Denver Nuggets,Boston Celtics
3,05/11/2018 21:00,Utah Jazz,Toronto Raptors
3,05/11/2018 22:30,Golden State Warriors,Memphis Grizzlies
3,05/11/2018 22:30,LA Clippers,Minnesota Timberwolves
3,06/11/2018 19:00,Charlotte Hornets,Atlanta Hawks
3,06/11/2018 20:30,Dallas Mavericks,Washington Wizards
3,06/11/2018 21:00,Phoenix Suns,Brooklyn Nets
3,06/11/2018 22:00,Portland Trail Blazers,Milwaukee Bucks
3,07/11/2018 19:00,Cleveland Cavaliers,Oklahoma City Thunder
3,07/11/2018 19:00,Orlando Magic,Detroit Pistons
3,07/11/2018 19:30,Atlanta Hawks,New York Knicks
3,07/11/2018 19:30,Miami Heat,San Antonio Spurs
3,07/11/2018 20:00,Indiana Pacers,Philadelphia 76ers
3,07/11/2018 20:00,Memphis Grizzlies,Denver Nuggets
3,07/11/2018 20:00,New Orleans Pelicans,Chicago Bulls
3,07/11/2018 21:00,Utah Jazz,Dallas Mavericks
3,07/11/2018 22:00,Sacramento Kings,Toronto Raptors
3,07/11/2018 22:30,Los Angeles Lakers,Minnesota Timberwolves
4,08/11/2018 20:00,Oklahoma City Thunder,Houston Rockets
4,08/11/2018 21:00,Phoenix Suns,Boston Celtics
4,08/11/2018 22:00,Portland Trail Blazers,LA Clippers
4,08/11/2018 22:30,Golden State Warriors,Milwaukee Bucks
4,09/11/2018 19:00,Orlando Magic,Washington Wizards
4,09/11/2018 19:00,Philadelphia 76ers,Charlotte Hornets
4,09/11/2018 19:30,Atlanta Hawks,Detroit Pistons
4,09/11/2018 20:00,Miami Heat,Indiana Pacers
4,09/11/2018 21:00,Denver Nuggets,Brooklyn Nets
4,09/11/2018 21:30,Utah Jazz,Boston Celtics
4,09/11/2018 22:00,Sacramento Kings,Minnesota Timberwolves
4,10/11/2018 15:00,Toronto Raptors,New York Knicks
4,10/11/2018 15:30,LA Clippers,Milwaukee Bucks
4,10/11/2018 19:00,New Orleans Pelicans,Phoenix Suns
4,10/11/2018 20:00,Miami Heat,Washington Wizards
4,10/11/2018 20:00,Chicago Bulls,Cleveland Cavaliers
4,10/11/2018 20:00,Memphis Grizzlies,Philadelphia 76ers
4,10/11/2018 20:30,San Antonio Spurs,Houston Rockets
4,10/11/2018 20:30,Golden State Warriors,Brooklyn Nets
4,10/11/2018 21:00,Dallas Mavericks,Oklahoma City Thunder
4,10/11/2018 22:00,Sacramento Kings,Los Angeles Lakers
4,11/11/2018 15:30,Detroit Pistons,Charlotte Hornets
4,11/11/2018 19:00,Houston Rockets,Indiana Pacers
4,11/11/2018 19:30,New York Knicks,Orlando Magic
4,11/11/2018 20:00,Denver Nuggets,Milwaukee Bucks
4,11/11/2018 21:00,Portland Trail Blazers,Boston Celtics
4,11/11/2018 21:30,Los Angeles Lakers,Atlanta Hawks
4,12/11/2018 19:00,Washington Wizards,Orlando Magic
4,12/11/2018 19:30,Miami Heat,Philadelphia 76ers
4,12/11/2018 19:30,Toronto Raptors,New Orleans Pelicans
4,12/11/2018 20:00,Chicago Bulls,Dallas Mavericks
4,12/11/2018 20:00,Memphis Grizzlies,Utah Jazz
4,12/11/2018 20:00,Minnesota Timberwolves,Brooklyn Nets
4,12/11/2018 20:00,Oklahoma City Thunder,Phoenix Suns
4,12/11/2018 22:00,Sacramento Kings,San Antonio Spurs
4,12/11/2018 22:30,LA Clippers,Golden State Warriors
4,13/11/2018 19:00,Cleveland Cavaliers,Charlotte Hornets
4,13/11/2018 21:00,Denver Nuggets,Houston Rockets
4,13/11/2018 22:30,Golden State Warriors,Atlanta Hawks
4,14/11/2018 19:00,Orlando Magic,Philadelphia 76ers
4,14/11/2018 19:00,Washington Wizards,Cleveland Cavaliers
4,14/11/2018 19:30,Boston Celtics,Chicago Bulls
4,14/11/2018 19:30,Brooklyn Nets,Miami Heat
4,14/11/2018 19:30,Toronto Raptors,Detroit Pistons
4,14/11/2018 20:00,Milwaukee Bucks,Memphis Grizzlies
4,14/11/2018 20:00,Minnesota Timberwolves,New Orleans Pelicans
4,14/11/2018 20:00,Oklahoma City Thunder,New York Knicks
4,14/11/2018 20:30,Dallas Mavericks,Utah Jazz
4,14/11/2018 21:00,Phoenix Suns,San Antonio Spurs
4,14/11/2018 22:30,Los Angeles Lakers,Portland Trail Blazers
5,15/11/2018 20:00,Houston Rockets,Golden State Warriors
5,15/11/2018 21:00,Denver Nuggets,Atlanta Hawks
5,15/11/2018 22:30,LA Clippers,San Antonio Spurs
5,16/11/2018 19:00,Boston Celtics,Toronto Raptors
5,16/11/2018 19:00,Indiana Pacers,Miami Heat
5,16/11/2018 19:00,Philadelphia 76ers,Utah Jazz
5,16/11/2018 19:00,Washington Wizards,Brooklyn Nets
5,16/11/2018 20:00,Memphis Grizzlies,Sacramento Kings
5,16/11/2018 20:00,Minnesota Timberwolves,Portland Trail Blazers
5,16/11/2018 20:00,New Orleans Pelicans,New York Knicks
5,16/11/2018 21:30,Milwaukee Bucks,Chicago Bulls
5,17/11/2018 18:00,Brooklyn Nets,LA Clippers
5,17/11/2018 19:00,Charlotte Hornets,Philadelphia 76ers
5,17/11/2018 19:00,Indiana Pacers,Atlanta Hawks
5,17/11/2018 19:00,Orlando Magic,Los Angeles Lakers
5,17/11/2018 19:00,New Orleans Pelicans,Denver Nuggets
5,17/11/2018 19:30,Boston Celtics,Utah Jazz
5,17/11/2018 20:00,Chicago Bulls,Toronto Raptors
5,17/11/2018 20:00,Houston Rockets,Sacramento Kings
5,17/11/2018 20:30,Dallas Mavericks,Golden State Warriors
5,17/11/2018 21:00,Phoenix Suns,Oklahoma City Thunder
5,18/11/2018 15:30,Minnesota Timberwolves,Memphis Grizzlies
5,18/11/2018 18:00,Miami Heat,Los Angeles Lakers
5,18/11/2018 18:00,Orlando Magic,New York Knicks
5,18/11/2018 18:00,Washington Wizards,Portland Trail Blazers
5,18/11/2018 19:00,San Antonio Spurs,Golden State Warriors
5,19/11/2018 19:00,Charlotte Hornets,Boston Celtics
5,19/11/2018 19:00,Detroit Pistons,Cleveland Cavaliers
5,19/11/2018 19:00,Indiana Pacers,Utah Jazz
5,19/11/2018 19:00,Philadelphia 76ers,Phoenix Suns
5,19/11/2018 19:30,Atlanta Hawks,LA Clippers
5,19/11/2018 20:00,Memphis Grizzlies,Dallas Mavericks
5,19/11/2018 20:00,Milwaukee Bucks,Denver Nuggets
5,19/11/2018 20:00,New Orleans Pelicans,San Antonio Spurs
5,19/11/2018 22:00,Sacramento Kings,Oklahoma City Thunder
5,20/11/2018 19:00,Orlando Magic,Toronto Raptors
5,20/11/2018 19:00,Washington Wizards,LA Clippers
5,20/11/2018 19:30,Miami Heat,Brooklyn Nets
5,20/11/2018 19:30,New York Knicks,Portland Trail Blazers
5,21/11/2018 19:00,Charlotte Hornets,Indiana Pacers
5,21/11/2018 19:00,Philadelphia 76ers,New Orleans Pelicans
5,21/11/2018 19:30,Atlanta Hawks,Toronto Raptors
5,21/11/2018 19:30,Boston Celtics,New York Knicks
5,21/11/2018 20:00,Cleveland Cavaliers,Los Angeles Lakers
5,21/11/2018 20:00,Chicago Bulls,Phoenix Suns
5,21/11/2018 20:00,Houston Rockets,Detroit Pistons
5,21/11/2018 20:00,Milwaukee Bucks,Portland Trail Blazers
5,21/11/2018 20:00,Minnesota Timberwolves,Denver Nuggets
5,21/11/2018 20:30,Dallas Mavericks,Brooklyn Nets
5,21/11/2018 20:30,San Antonio Spurs,Memphis Grizzlies
5,21/11/2018 21:00,Utah Jazz,Sacramento Kings
5,21/11/2018 22:30,Golden State Warriors,Oklahoma City Thunder
6,23/11/2018 12:00,Brooklyn Nets,Minnesota Timberwolves
6,23/11/2018 15:30,LA Clippers,Memphis Grizzlies
6,23/11/2018 19:00,Detroit Pistons,Houston Rockets
6,23/11/2018 19:30,Atlanta Hawks,Boston Celtics
6,23/11/2018 19:30,New York Knicks,New Orleans Pelicans
6,23/11/2018 19:30,Philadelphia 76ers,Cleveland Cavaliers
6,23/11/2018 19:30,Toronto Raptors,Washington Wizards
6,23/11/2018 20:00,Indiana Pacers,San Antonio Spurs
6,23/11/2018 20:00,Chicago Bulls,Miami Heat
6,23/11/2018 20:00,Oklahoma City Thunder,Charlotte Hornets
6,23/11/2018 20:30,Milwaukee Bucks,Phoenix Suns
6,23/11/2018 21:00,Denver Nuggets,Orlando Magic
6,23/11/2018 22:30,Golden State Warriors,Portland Trail Blazers
6,23/11/2018 22:30,Los Angeles Lakers,Utah Jazz
6,24/11/2018 19:30,Cleveland Cavaliers,Houston Rockets
6,24/11/2018 20:00,Washington Wizards,New Orleans Pelicans
6,24/11/2018 20:00,Minnesota Timberwolves,Chicago Bulls
6,24/11/2018 20:00,Oklahoma City Thunder,Denver Nuggets
6,24/11/2018 20:30,Dallas Mavericks,Boston Celtics
6,24/11/2018 20:30,Milwaukee Bucks,San Antonio Spurs
6,24/11/2018 20:30,Golden State Warriors,Sacramento Kings
6,25/11/2018 15:30,Los Angeles Lakers,Orlando Magic
6,25/11/2018 16:00,Detroit Pistons,Phoenix Suns
6,25/11/2018 18:00,Atlanta Hawks,Charlotte Hornets
6,25/11/2018 18:00,Brooklyn Nets,Philadelphia 76ers
6,25/11/2018 18:00,Toronto Raptors,Miami Heat
6,25/11/2018 18:00,Memphis Grizzlies,New York Knicks
6,25/11/2018 20:00,Sacramento Kings,Utah Jazz
6,25/11/2018 21:00,Portland Trail Blazers,LA Clippers
6,26/11/2018 19:00,Charlotte Hornets,Milwaukee Bucks
6,26/11/2018 19:00,Cleveland Cavaliers,Minnesota Timberwolves
6,26/11/2018 19:00,Washington Wizards,Houston Rockets
6,26/11/2018 20:00,Chicago Bulls,San Antonio Spurs
6,26/11/2018 20:00,New Orleans Pelicans,Boston Celtics
6,26/11/2018 21:00,Utah Jazz,Indiana Pacers
6,26/11/2018 22:30,Golden State Warriors,Orlando Magic
6,27/11/2018 19:00,Detroit Pistons,New York Knicks
6,27/11/2018 19:30,Miami Heat,Atlanta Hawks
6,27/11/2018 20:00,Memphis Grizzlies,Toronto Raptors
6,27/11/2018 21:00,Denver Nuggets,Los Angeles Lakers
6,27/11/2018 21:00,Phoenix Suns,Indiana Pacers
6,28/11/2018 19:00,Charlotte Hornets,Atlanta Hawks
6,28/11/2018 19:00,Philadelphia 76ers,New York Knicks
6,28/11/2018 19:30,Brooklyn Nets,Utah Jazz
6,28/11/2018 20:00,Houston Rockets,Dallas Mavericks
6,28/11/2018 20:00,Milwaukee Bucks,Chicago Bulls
6,28/11/2018 20:00,Minnesota Timberwolves,San Antonio Spurs
6,28/11/2018 20:00,New Orleans Pelicans,Washington Wizards
6,28/11/2018 20:00,Oklahoma City Thunder,Cleveland Cavaliers
6,28/11/2018 22:00,Portland Trail Blazers,Orlando Magic
6,28/11/2018 22:30,LA Clippers,Phoenix Suns
7,29/11/2018 20:00,Toronto Raptors,Golden State Warriors
7,29/11/2018 22:30,Los Angeles Lakers,Indiana Pacers
7,29/11/2018 22:30,Sacramento Kings,LA Clippers
7,30/11/2018 19:00,Boston Celtics,Cleveland Cavaliers
7,30/11/2018 19:00,Charlotte Hornets,Utah Jazz
7,30/11/2018 19:00,Detroit Pistons,Chicago Bulls
7,30/11/2018 19:00,Philadelphia 76ers,Washington Wizards
7,30/11/2018 19:30,Brooklyn Nets,Memphis Grizzlies
7,30/11/2018 20:00,Miami Heat,New Orleans Pelicans
7,30/11/2018 20:00,Oklahoma City Thunder,Atlanta Hawks
7,30/11/2018 20:00,San Antonio Spurs,Houston Rockets
7,30/11/2018 21:00,Phoenix Suns,Orlando Magic
7,30/11/2018 22:30,Los Angeles Lakers,Dallas Mavericks
7,30/11/2018 22:30,Portland Trail Blazers,Denver Nuggets
7,01/12/2018 17:00,New York Knicks,Milwaukee Bucks
7,01/12/2018 19:00,Detroit Pistons,Golden State Warriors
7,01/12/2018 19:00,Washington Wizards,Brooklyn Nets
7,01/12/2018 20:00,Cleveland Cavaliers,Toronto Raptors
7,01/12/2018 20:00,Houston Rockets,Chicago Bulls
7,01/12/2018 20:00,Minnesota Timberwolves,Boston Celtics
7,01/12/2018 22:00,Sacramento Kings,Indiana Pacers
7,02/12/2018 15:30,Los Angeles Lakers,Phoenix Suns
7,02/12/2018 17:00,Charlotte Hornets,New Orleans Pelicans
7,02/12/2018 18:00,Miami Heat,Utah Jazz
7,02/12/2018 18:00,Philadelphia 76ers,Memphis Grizzlies
7,02/12/2018 19:00,Dallas Mavericks,LA Clippers
7,02/12/2018 19:00,San Antonio Spurs,Portland Trail Blazers
7,03/12/2018 19:00,Detroit Pistons,Oklahoma City Thunder
7,03/12/2018 19:30,Atlanta Hawks,Golden State Warriors
7,03/12/2018 19:30,Brooklyn Nets,Cleveland Cavaliers
7,03/12/2018 19:30,New York Knicks,Washington Wizards
7,03/12/2018 19:30,Toronto Raptors,Denver Nuggets
7,03/12/2018 20:00,Minnesota Timberwolves,Houston Rockets
7,03/12/2018 20:00,New Orleans Pelicans,LA Clippers
7,04/12/2018 19:00,Indiana Pacers,Chicago Bulls
7,04/12/2018 19:30,Miami Heat,Orlando Magic
7,04/12/2018 20:30,Dallas Mavericks,Portland Trail Blazers
7,04/12/2018 21:00,Phoenix Suns,Sacramento Kings
7,04/12/2018 21:00,Utah Jazz,San Antonio Spurs
7,05/12/2018 19:00,Cleveland Cavaliers,Golden State Warriors
7,05/12/2018 19:00,Orlando Magic,Denver Nuggets
7,05/12/2018 19:30,Atlanta Hawks,Washington Wizards
7,05/12/2018 19:30,Brooklyn Nets,Oklahoma City Thunder
7,05/12/2018 20:00,Toronto Raptors,Philadelphia 76ers
7,05/12/2018 20:00,Memphis Grizzlies,LA Clippers
7,05/12/2018 20:00,Milwaukee Bucks,Detroit Pistons
7,05/12/2018 20:00,Minnesota Timberwolves,Charlotte Hornets
7,05/12/2018 20:00,New Orleans Pelicans,Dallas Mavericks
7,05/12/2018 22:30,Los Angeles Lakers,San Antonio Spurs
8,06/12/2018 20:00,Boston Celtics,New York Knicks
8,06/12/2018 22:00,Portland Trail Blazers,Phoenix Suns
8,06/12/2018 22:30,Utah Jazz,Houston Rockets
8,07/12/2018 19:00,Charlotte Hornets,Denver Nuggets
8,07/12/2018 19:00,Detroit Pistons,Philadelphia 76ers
8,07/12/2018 19:00,Orlando Magic,Indiana Pacers
8,07/12/2018 19:30,Brooklyn Nets,Toronto Raptors
8,07/12/2018 19:30,Cleveland Cavaliers,Sacramento Kings
8,07/12/2018 20:00,Chicago Bulls,Oklahoma City Thunder
8,07/12/2018 20:00,New Orleans Pelicans,Memphis Grizzlies
8,07/12/2018 20:30,San Antonio Spurs,Los Angeles Lakers
8,07/12/2018 21:00,Phoenix Suns,Miami Heat
8,07/12/2018 21:30,Milwaukee Bucks,Golden State Warriors
8,08/12/2018 18:00,Dallas Mavericks,Houston Rockets
8,08/12/2018 19:00,Indiana Pacers,Sacramento Kings
8,08/12/2018 19:30,Atlanta Hawks,Denver Nuggets
8,08/12/2018 19:30,Cleveland Cavaliers,Washington Wizards
8,08/12/2018 19:30,New York Knicks,Brooklyn Nets
8,08/12/2018 20:00,Chicago Bulls,Boston Celtics
8,08/12/2018 20:00,Memphis Grizzlies,Los Angeles Lakers
8,08/12/2018 22:00,Portland Trail Blazers,Minnesota Timberwolves
8,08/12/2018 22:30,LA Clippers,Miami Heat
8,09/12/2018 15:30,Detroit Pistons,New Orleans Pelicans
8,09/12/2018 18:00,Toronto Raptors,Milwaukee Bucks
8,09/12/2018 19:00,San Antonio Spurs,Utah Jazz
8,09/12/2018 19:30,New York Knicks,Charlotte Hornets
8,10/12/2018 19:00,Indiana Pacers,Washington Wizards
8,10/12/2018 19:00,Philadelphia 76ers,Detroit Pistons
8,10/12/2018 19:30,Boston Celtics,New Orleans Pelicans
8,10/12/2018 20:00,Chicago Bulls,Sacramento Kings
8,10/12/2018 20:00,Milwaukee Bucks,Cleveland Cavaliers
8,10/12/2018 20:00,Oklahoma City Thunder,Utah Jazz
8,10/12/2018 20:30,Dallas Mavericks,Orlando Magic
8,10/12/2018 21:00,Denver Nuggets,Memphis Grizzlies
8,10/12/2018 21:00,Phoenix Suns,LA Clippers
8,10/12/2018 22:30,Golden State Warriors,Minnesota Timberwolves
8,10/12/2018 22:30,Los Angeles Lakers,Miami Heat
8,11/12/2018 20:00,Houston Rockets,Portland Trail Blazers
8,11/12/2018 20:30,San Antonio Spurs,Phoenix Suns
8,11/12/2018 22:30,LA Clippers,Toronto Raptors
8,12/12/2018 19:00,Charlotte Hornets,Detroit Pistons
8,12/12/2018 19:00,Cleveland Cavaliers,New York Knicks
8,12/12/2018 19:00,Indiana Pacers,Milwaukee Bucks
8,12/12/2018 19:00,Philadelphia 76ers,Brooklyn Nets
8,12/12/2018 19:00,Washington Wizards,Boston Celtics
8,12/12/2018 20:00,Memphis Grizzlies,Portland Trail Blazers
8,12/12/2018 20:00,New Orleans Pelicans,Oklahoma City Thunder
8,12/12/2018 20:30,Dallas Mavericks,Atlanta Hawks
8,12/12/2018 21:00,Utah Jazz,Miami Heat
8,12/12/2018 22:00,Sacramento Kings,Minnesota Timberwolves
8,12/12/2018 22:30,Golden State Warriors,Toronto Raptors
9,13/12/2018 20:00,Houston Rockets,Los Angeles Lakers
9,13/12/2018 20:30,San Antonio Spurs,LA Clippers
9,13/12/2018 21:30,Orlando Magic,Chicago Bulls
9,13/12/2018 22:30,Phoenix Suns,Dallas Mavericks
9,14/12/2018 19:00,Boston Celtics,Atlanta Hawks
9,14/12/2018 19:00,Charlotte Hornets,New York Knicks
9,14/12/2018 19:30,Brooklyn Nets,Washington Wizards
9,14/12/2018 19:30,Cleveland Cavaliers,Milwaukee Bucks
9,14/12/2018 19:30,Philadelphia 76ers,Indiana Pacers
9,14/12/2018 20:00,Memphis Grizzlies,Miami Heat
9,14/12/2018 22:00,Denver Nuggets,Oklahoma City Thunder
9,14/12/2018 22:00,Portland Trail Blazers,Toronto Raptors
9,14/12/2018 22:00,Sacramento Kings,Golden State Warriors
9,15/12/2018 17:00,Orlando Magic,Utah Jazz
9,15/12/2018 19:00,Charlotte Hornets,Los Angeles Lakers
9,15/12/2018 19:00,Detroit Pistons,Boston Celtics
9,15/12/2018 20:00,Memphis Grizzlies,Houston Rockets
9,15/12/2018 20:30,San Antonio Spurs,Chicago Bulls
9,15/12/2018 21:00,Oklahoma City Thunder,LA Clippers
9,15/12/2018 21:00,Phoenix Suns,Minnesota Timberwolves
9,16/12/2018 15:00,Brooklyn Nets,Atlanta Hawks
9,16/12/2018 15:30,Cleveland Cavaliers,Philadelphia 76ers
9,16/12/2018 17:00,Indiana Pacers,New York Knicks
9,16/12/2018 18:00,Washington Wizards,Los Angeles Lakers
9,16/12/2018 19:00,Dallas Mavericks,Sacramento Kings
9,16/12/2018 19:00,New Orleans Pelicans,Miami Heat
9,16/12/2018 20:00,Denver Nuggets,Toronto Raptors
9,17/12/2018 19:00,Detroit Pistons,Milwaukee Bucks
9,17/12/2018 19:30,New York Knicks,Phoenix Suns
9,17/12/2018 20:00,Houston Rockets,Utah Jazz
9,17/12/2018 20:00,Minnesota Timberwolves,Sacramento Kings
9,17/12/2018 20:00,Oklahoma City Thunder,Chicago Bulls
9,17/12/2018 20:30,San Antonio Spurs,Philadelphia 76ers
9,17/12/2018 22:30,Golden State Warriors,Memphis Grizzlies
9,17/12/2018 22:30,LA Clippers,Portland Trail Blazers
9,18/12/2018 19:00,Indiana Pacers,Cleveland Cavaliers
9,18/12/2018 19:30,Atlanta Hawks,Washington Wizards
9,18/12/2018 19:30,Brooklyn Nets,Los Angeles Lakers
9,18/12/2018 21:00,Denver Nuggets,Dallas Mavericks
9,19/12/2018 19:00,Charlotte Hornets,Cleveland Cavaliers
9,19/12/2018 19:00,Orlando Magic,San Antonio Spurs
9,19/12/2018 19:00,Philadelphia 76ers,New York Knicks
9,19/12/2018 19:30,Boston Celtics,Phoenix Suns
9,19/12/2018 19:30,Toronto Raptors,Indiana Pacers
9,19/12/2018 20:00,Chicago Bulls,Brooklyn Nets
9,19/12/2018 20:00,Houston Rockets,Washington Wizards
9,19/12/2018 20:00,Milwaukee Bucks,New Orleans Pelicans
9,19/12/2018 20:00,Minnesota Timberwolves,Detroit Pistons
9,19/12/2018 21:00,Utah Jazz,Golden State Warriors
9,19/12/2018 22:00,Portland Trail Blazers,Memphis Grizzlies
9,19/12/2018 22:00,Sacramento Kings,Oklahoma City Thunder
10,20/12/2018 20:00,Miami Heat,Houston Rockets
10,20/12/2018 22:30,LA Clippers,Dallas Mavericks
10,21/12/2018 19:00,Charlotte Hornets,Detroit Pistons
10,21/12/2018 19:00,Toronto Raptors,Cleveland Cavaliers
10,21/12/2018 19:30,Brooklyn Nets,Indiana Pacers
10,21/12/2018 19:30,New York Knicks,Atlanta Hawks
10,21/12/2018 20:00,Boston Celtics,Milwaukee Bucks
10,21/12/2018 20:00,Chicago Bulls,Orlando Magic
10,21/12/2018 20:30,San Antonio Spurs,Minnesota Timberwolves
10,21/12/2018 22:00,Portland Trail Blazers,Utah Jazz
10,21/12/2018 22:00,Sacramento Kings,Memphis Grizzlies
10,21/12/2018 22:30,Los Angeles Lakers,New Orleans Pelicans
10,22/12/2018 17:00,LA Clippers,Denver Nuggets
10,22/12/2018 19:00,Washington Wizards,Phoenix Suns
10,22/12/2018 19:30,Philadelphia 76ers,Toronto Raptors
10,22/12/2018 20:00,Miami Heat,Milwaukee Bucks
10,22/12/2018 20:00,Houston Rockets,San Antonio Spurs
10,22/12/2018 20:30,Golden State Warriors,Dallas Mavericks
10,22/12/2018 21:00,Utah Jazz,Oklahoma City Thunder
10,23/12/2018 16:00,Detroit Pistons,Atlanta Hawks
10,23/12/2018 17:00,Indiana Pacers,Washington Wizards
10,23/12/2018 18:00,Boston Celtics,Charlotte Hornets
10,23/12/2018 18:00,Brooklyn Nets,Phoenix Suns
10,23/12/2018 18:00,Cleveland Cavaliers,Chicago Bulls
10,23/12/2018 18:00,Orlando Magic,Miami Heat
10,23/12/2018 18:00,Sacramento Kings,New Orleans Pelicans
10,23/12/2018 20:00,Oklahoma City Thunder,Minnesota Timberwolves
10,23/12/2018 20:30,Golden State Warriors,LA Clippers
10,23/12/2018 21:00,Portland Trail Blazers,Dallas Mavericks
10,23/12/2018 21:30,Los Angeles Lakers,Memphis Grizzlies
10,25/12/2018 12:00,New York Knicks,Milwaukee Bucks
10,25/12/2018 15:00,Houston Rockets,Oklahoma City Thunder
10,25/12/2018 17:30,Boston Celtics,Philadelphia 76ers
10,25/12/2018 20:00,Golden State Warriors,Los Angeles Lakers
10,25/12/2018 22:30,Utah Jazz,Portland Trail Blazers
10,26/12/2018 19:00,Detroit Pistons,Washington Wizards
10,26/12/2018 19:00,Orlando Magic,Phoenix Suns
10,26/12/2018 19:30,Atlanta Hawks,Indiana Pacers
10,26/12/2018 19:30,Brooklyn Nets,Charlotte Hornets
10,26/12/2018 19:30,Miami Heat,Toronto Raptors
10,26/12/2018 20:00,Chicago Bulls,Minnesota Timberwolves
10,26/12/2018 20:00,Memphis Grizzlies,Cleveland Cavaliers
10,26/12/2018 20:30,Dallas Mavericks,New Orleans Pelicans
10,26/12/2018 20:30,San Antonio Spurs,Denver Nuggets
10,26/12/2018 22:30,LA Clippers,Sacramento Kings
11,27/12/2018 20:00,Houston Rockets,Boston Celtics
11,27/12/2018 20:00,Milwaukee Bucks,New York Knicks
11,27/12/2018 22:00,Sacramento Kings,Los Angeles Lakers
11,27/12/2018 22:30,Utah Jazz,Philadelphia 76ers
11,27/12/2018 22:30,Golden State Warriors,Portland Trail Blazers
11,28/12/2018 19:00,Charlotte Hornets,Brooklyn Nets
11,28/12/2018 19:00,Indiana Pacers,Detroit Pistons
11,28/12/2018 19:00,Orlando Magic,Toronto Raptors
11,28/12/2018 19:00,Washington Wizards,Chicago Bulls
11,28/12/2018 20:00,Miami Heat,Cleveland Cavaliers
11,28/12/2018 20:00,Minnesota Timberwolves,Atlanta Hawks
11,28/12/2018 20:00,New Orleans Pelicans,Dallas Mavericks
11,28/12/2018 21:00,Denver Nuggets,San Antonio Spurs
11,28/12/2018 21:00,Phoenix Suns,Oklahoma City Thunder
11,28/12/2018 22:30,Los Angeles Lakers,LA Clippers
11,29/12/2018 17:00,Milwaukee Bucks,Brooklyn Nets
11,29/12/2018 19:00,New Orleans Pelicans,Houston Rockets
11,29/12/2018 19:00,Washington Wizards,Charlotte Hornets
11,29/12/2018 19:30,Atlanta Hawks,Cleveland Cavaliers
11,29/12/2018 20:00,Memphis Grizzlies,Boston Celtics
11,29/12/2018 20:00,Utah Jazz,New York Knicks
11,29/12/2018 21:00,Phoenix Suns,Denver Nuggets
11,29/12/2018 22:00,Portland Trail Blazers,Golden State Warriors
11,29/12/2018 22:30,LA Clippers,San Antonio Spurs
11,30/12/2018 15:30,Orlando Magic,Detroit Pistons
11,30/12/2018 18:00,Miami Heat,Minnesota Timberwolves
11,30/12/2018 18:00,Toronto Raptors,Chicago Bulls
11,30/12/2018 19:00,Dallas Mavericks,Oklahoma City Thunder
11,30/12/2018 21:00,Portland Trail Blazers,Philadelphia 76ers
11,30/12/2018 21:30,Los Angeles Lakers,Sacramento Kings
11,31/12/2018 15:00,Indiana Pacers,Atlanta Hawks
11,31/12/2018 18:00,Charlotte Hornets,Orlando Magic
11,31/12/2018 19:00,Houston Rockets,Memphis Grizzlies
11,31/12/2018 19:00,San Antonio Spurs,Boston Celtics
11,31/12/2018 20:00,New Orleans Pelicans,Minnesota Timberwolves
11,31/12/2018 20:00,Oklahoma City Thunder,Dallas Mavericks
11,31/12/2018 21:00,Phoenix Suns,Golden State Warriors
11,01/01/2019 19:30,Toronto Raptors,Utah Jazz
11,01/01/2019 20:00,Milwaukee Bucks,Detroit Pistons
11,01/01/2019 21:00,Denver Nuggets,New York Knicks
11,01/01/2019 21:00,Sacramento Kings,Portland Trail Blazers
11,01/01/2019 22:30,LA Clippers,Philadelphia 76ers
11,02/01/2019 19:00,Charlotte Hornets,Dallas Mavericks
11,02/01/2019 19:00,Cleveland Cavaliers,Miami Heat
11,02/01/2019 19:00,Washington Wizards,Atlanta Hawks
11,02/01/2019 19:30,Brooklyn Nets,New Orleans Pelicans
11,02/01/2019 20:00,Boston Celtics,Minnesota Timberwolves
11,02/01/2019 20:00,Chicago Bulls,Orlando Magic
11,02/01/2019 20:00,Memphis Grizzlies,Detroit Pistons
11,02/01/2019 21:00,Phoenix Suns,Philadelphia 76ers
11,02/01/2019 22:30,Los Angeles Lakers,Oklahoma City Thunder
12,03/01/2019 20:00,San Antonio Spurs,Toronto Raptors
12,03/01/2019 22:00,Sacramento Kings,Denver Nuggets
12,03/01/2019 22:30,Golden State Warriors,Houston Rockets
12,04/01/2019 19:30,Cleveland Cavaliers,Utah Jazz
12,04/01/2019 20:00,Boston Celtics,Dallas Mavericks
12,04/01/2019 20:00,Miami Heat,Washington Wizards
12,04/01/2019 20:00,Chicago Bulls,Indiana Pacers
12,04/01/2019 20:00,Memphis Grizzlies,Brooklyn Nets
12,04/01/2019 20:00,Minnesota Timberwolves,Orlando Magic
12,04/01/2019 20:30,Milwaukee Bucks,Atlanta Hawks
12,04/01/2019 21:00,Phoenix Suns,LA Clippers
12,04/01/2019 22:30,Los Angeles Lakers,New York Knicks
12,04/01/2019 22:30,Portland Trail Blazers,Oklahoma City Thunder
12,05/01/2019 17:00,Denver Nuggets,Charlotte Hornets
12,05/01/2019 19:00,Detroit Pistons,Utah Jazz
12,05/01/2019 19:30,Philadelphia 76ers,Dallas Mavericks
12,05/01/2019 20:00,Cleveland Cavaliers,New Orleans Pelicans
12,05/01/2019 20:30,Milwaukee Bucks,Toronto Raptors
12,05/01/2019 20:30,San Antonio Spurs,Memphis Grizzlies
12,05/01/2019 22:00,Portland Trail Blazers,Houston Rockets
12,05/01/2019 22:00,Sacramento Kings,Golden State Warriors
12,06/01/2019 15:30,Chicago Bulls,Brooklyn Nets
12,06/01/2019 15:30,Minnesota Timberwolves,Los Angeles Lakers
12,06/01/2019 15:30,LA Clippers,Orlando Magic
12,06/01/2019 18:00,Atlanta Hawks,Miami Heat
12,06/01/2019 19:00,Oklahoma City Thunder,Washington Wizards
12,06/01/2019 19:30,Toronto Raptors,Indiana Pacers
12,06/01/2019 20:00,Phoenix Suns,Charlotte Hornets
12,07/01/2019 19:00,Detroit Pistons,San Antonio Spurs
12,07/01/2019 19:30,Boston Celtics,Brooklyn Nets
12,07/01/2019 20:00,Houston Rockets,Denver Nuggets
12,07/01/2019 20:00,Milwaukee Bucks,Utah Jazz
12,07/01/2019 20:00,New Orleans Pelicans,Memphis Grizzlies
12,07/01/2019 20:30,Dallas Mavericks,Los Angeles Lakers
12,07/01/2019 22:00,Portland Trail Blazers,New York Knicks
12,07/01/2019 22:00,Sacramento Kings,Orlando Magic
12,08/01/2019 19:00,Cleveland Cavaliers,Indiana Pacers
12,08/01/2019 19:00,Philadelphia 76ers,Washington Wizards
12,08/01/2019 19:30,Miami Heat,Denver Nuggets
12,08/01/2019 19:30,Toronto Raptors,Atlanta Hawks
12,08/01/2019 20:00,Oklahoma City Thunder,Minnesota Timberwolves
12,08/01/2019 21:00,Phoenix Suns,Sacramento Kings
12,08/01/2019 22:30,Golden State Warriors,New York Knicks
12,08/01/2019 22:30,LA Clippers,Charlotte Hornets
12,09/01/2019 19:00,Boston Celtics,Indiana Pacers
12,09/01/2019 19:00,Washington Wizards,Philadelphia 76ers
12,09/01/2019 19:30,Brooklyn Nets,Atlanta Hawks
12,09/01/2019 20:00,Houston Rockets,Milwaukee Bucks
12,09/01/2019 20:00,Memphis Grizzlies,San Antonio Spurs
12,09/01/2019 20:00,New Orleans Pelicans,Cleveland Cavaliers
12,09/01/2019 20:30,Dallas Mavericks,Phoenix Suns
12,09/01/2019 21:00,Utah Jazz,Orlando Magic
12,09/01/2019 22:00,Portland Trail Blazers,Chicago Bulls
12,09/01/2019 22:30,Los Angeles Lakers,Detroit Pistons
13,10/01/2019 19:00,Miami Heat,Boston Celtics
13,10/01/2019 21:00,Denver Nuggets,LA Clippers
13,10/01/2019 21:30,San Antonio Spurs,Oklahoma City Thunder
13,10/01/2019 22:00,Sacramento Kings,Detroit Pistons
13,11/01/2019 19:00,Philadelphia 76ers,Atlanta Hawks
13,11/01/2019 19:00,Washington Wizards,Milwaukee Bucks
13,11/01/2019 19:30,New York Knicks,Indiana Pacers
13,11/01/2019 19:30,Toronto Raptors,Brooklyn Nets
13,11/01/2019 20:00,Houston Rockets,Cleveland Cavaliers
13,11/01/2019 20:00,Minnesota Timberwolves,Dallas Mavericks
13,11/01/2019 22:00,Utah Jazz,Los Angeles Lakers
13,11/01/2019 22:00,Portland Trail Blazers,Charlotte Hornets
13,11/01/2019 22:30,Golden State Warriors,Chicago Bulls
13,12/01/2019 15:30,LA Clippers,Detroit Pistons
13,12/01/2019 17:00,Miami Heat,Memphis Grizzlies
13,12/01/2019 19:00,Orlando Magic,Boston Celtics
13,12/01/2019 20:00,Minnesota Timberwolves,New Orleans Pelicans
13,12/01/2019 20:00,Oklahoma City Thunder,San Antonio Spurs
13,12/01/2019 21:00,Phoenix Suns,Denver Nuggets
13,12/01/2019 22:00,Sacramento Kings,Charlotte Hornets
13,12/01/2019 22:00,Utah Jazz,Chicago Bulls
13,13/01/2019 13:00,New York Knicks,Philadelphia 76ers
13,13/01/2019 13:00,Washington Wizards,Toronto Raptors
13,13/01/2019 15:30,Atlanta Hawks,Milwaukee Bucks
13,13/01/2019 18:00,Orlando Magic,Houston Rockets
13,13/01/2019 19:00,Dallas Mavericks,Golden State Warriors
13,13/01/2019 20:00,Denver Nuggets,Portland Trail Blazers
13,13/01/2019 21:30,Los Angeles Lakers,Cleveland Cavaliers
13,14/01/2019 19:30,Brooklyn Nets,Boston Celtics
13,14/01/2019 20:00,Houston Rockets,Memphis Grizzlies
13,14/01/2019 20:30,San Antonio Spurs,Charlotte Hornets
13,14/01/2019 21:00,Utah Jazz,Detroit Pistons
13,14/01/2019 22:00,Sacramento Kings,Portland Trail Blazers
13,14/01/2019 22:30,LA Clippers,New Orleans Pelicans
13,15/01/2019 19:00,Indiana Pacers,Phoenix Suns
13,15/01/2019 19:00,Philadelphia 76ers,Minnesota Timberwolves
13,15/01/2019 19:30,Atlanta Hawks,Oklahoma City Thunder
13,15/01/2019 20:00,Milwaukee Bucks,Miami Heat
13,15/01/2019 21:00,Denver Nuggets,Golden State Warriors
13,15/01/2019 22:30,Los Angeles Lakers,Chicago Bulls
13,16/01/2019 19:00,Detroit Pistons,Orlando Magic
13,16/01/2019 20:00,Boston Celtics,Toronto Raptors
13,16/01/2019 20:00,Houston Rockets,Brooklyn Nets
13,16/01/2019 20:00,Memphis Grizzlies,Milwaukee Bucks
13,16/01/2019 20:30,Dallas Mavericks,San Antonio Spurs
13,16/01/2019 22:00,Portland Trail Blazers,Cleveland Cavaliers
13,16/01/2019 22:30,Golden State Warriors,New Orleans Pelicans
13,16/01/2019 22:30,LA Clippers,Utah Jazz
13,17/01/2019 15:00,Washington Wizards,New York Knicks
14,17/01/2019 19:00,Charlotte Hornets,Sacramento Kings
14,17/01/2019 19:00,Indiana Pacers,Philadelphia 76ers
14,17/01/2019 19:30,Toronto Raptors,Phoenix Suns
14,17/01/2019 21:00,Denver Nuggets,Chicago Bulls
14,17/01/2019 21:30,Oklahoma City Thunder,Los Angeles Lakers
14,18/01/2019 19:00,Boston Celtics,Memphis Grizzlies
14,18/01/2019 19:00,Detroit Pistons,Miami Heat
14,18/01/2019 19:00,Orlando Magic,Brooklyn Nets
14,18/01/2019 20:00,Minnesota Timberwolves,San Antonio Spurs
14,18/01/2019 21:00,Utah Jazz,Cleveland Cavaliers
14,18/01/2019 22:30,LA Clippers,Golden State Warriors
14,18/01/2019 22:30,Portland Trail Blazers,New Orleans Pelicans
14,19/01/2019 15:30,Philadelphia 76ers,Oklahoma City Thunder
14,19/01/2019 17:00,Charlotte Hornets,Phoenix Suns
14,19/01/2019 19:00,Detroit Pistons,Sacramento Kings
14,19/01/2019 19:00,Indiana Pacers,Dallas Mavericks
14,19/01/2019 19:00,Orlando Magic,Milwaukee Bucks
14,19/01/2019 19:30,Atlanta Hawks,Boston Celtics
14,19/01/2019 19:30,Toronto Raptors,Memphis Grizzlies
14,19/01/2019 20:00,Chicago Bulls,Miami Heat
14,19/01/2019 20:30,Houston Rockets,Los Angeles Lakers
14,19/01/2019 22:00,Denver Nuggets,Cleveland Cavaliers
14,20/01/2019 18:00,Indiana Pacers,Charlotte Hornets
14,20/01/2019 19:00,Minnesota Timberwolves,Phoenix Suns
14,20/01/2019 19:00,San Antonio Spurs,LA Clippers
14,21/01/2019 12:30,New York Knicks,Oklahoma City Thunder
14,21/01/2019 13:00,Cleveland Cavaliers,Chicago Bulls
14,21/01/2019 14:00,Washington Wizards,Detroit Pistons
14,21/01/2019 14:00,Milwaukee Bucks,Dallas Mavericks
14,21/01/2019 15:00,Atlanta Hawks,Orlando Magic
14,21/01/2019 15:30,Brooklyn Nets,Sacramento Kings
14,21/01/2019 17:30,Memphis Grizzlies,New Orleans Pelicans
14,21/01/2019 18:00,Boston Celtics,Miami Heat
14,21/01/2019 20:00,Philadelphia 76ers,Houston Rockets
14,21/01/2019 21:00,Utah Jazz,Portland Trail Blazers
14,21/01/2019 22:30,Los Angeles Lakers,Golden State Warriors
14,22/01/2019 19:00,Toronto Raptors,Sacramento Kings
14,22/01/2019 20:00,Oklahoma City Thunder,Portland Trail Blazers
14,22/01/2019 20:30,Dallas Mavericks,LA Clippers
14,22/01/2019 21:00,Phoenix Suns,Minnesota Timberwolves
14,23/01/2019 19:00,Indiana Pacers,Toronto Raptors
14,23/01/2019 19:30,Boston Celtics,Cleveland Cavaliers
14,23/01/2019 19:30,Brooklyn Nets,Orlando Magic
14,23/01/2019 19:30,Miami Heat,LA Clippers
14,23/01/2019 19:30,New York Knicks,Houston Rockets
14,23/01/2019 20:00,Philadelphia 76ers,San Antonio Spurs
14,23/01/2019 20:00,Chicago Bulls,Atlanta Hawks
14,23/01/2019 20:00,Memphis Grizzlies,Charlotte Hornets
14,23/01/2019 20:00,New Orleans Pelicans,Detroit Pistons
14,23/01/2019 22:30,Utah Jazz,Denver Nuggets
15,24/01/2019 20:00,Washington Wizards,Golden State Warriors
15,24/01/2019 20:00,Oklahoma City Thunder,New Orleans Pelicans
15,24/01/2019 21:00,Phoenix Suns,Portland Trail Blazers
15,24/01/2019 22:30,Los Angeles Lakers,Minnesota Timberwolves
15,25/01/2019 19:00,Orlando Magic,Washington Wizards
15,25/01/2019 19:30,Brooklyn Nets,New York Knicks
15,25/01/2019 19:30,Cleveland Cavaliers,Miami Heat
15,25/01/2019 20:00,Chicago Bulls,LA Clippers
15,25/01/2019 20:00,Houston Rockets,Toronto Raptors
15,25/01/2019 20:00,Memphis Grizzlies,Sacramento Kings
15,25/01/2019 20:30,Dallas Mavericks,Detroit Pistons
15,25/01/2019 20:30,Milwaukee Bucks,Charlotte Hornets
15,25/01/2019 21:00,Denver Nuggets,Phoenix Suns
15,25/01/2019 21:00,Utah Jazz,Minnesota Timberwolves
15,26/01/2019 18:00,New Orleans Pelicans,San Antonio Spurs
15,26/01/2019 20:00,Memphis Grizzlies,Indiana Pacers
15,26/01/2019 20:30,Boston Celtics,Golden State Warriors
15,26/01/2019 21:00,Denver Nuggets,Philadelphia 76ers
15,26/01/2019 22:00,Portland Trail Blazers,Atlanta Hawks
15,27/01/2019 15:30,Chicago Bulls,Cleveland Cavaliers
15,27/01/2019 15:30,LA Clippers,Sacramento Kings
15,27/01/2019 18:00,Oklahoma City Thunder,Milwaukee Bucks
15,27/01/2019 19:00,Houston Rockets,Orlando Magic
15,27/01/2019 19:00,Dallas Mavericks,Toronto Raptors
15,27/01/2019 19:00,Minnesota Timberwolves,Utah Jazz
15,27/01/2019 19:00,San Antonio Spurs,Washington Wizards
15,27/01/2019 19:30,New York Knicks,Miami Heat
15,27/01/2019 21:30,Los Angeles Lakers,Phoenix Suns
15,28/01/2019 19:00,Charlotte Hornets,New York Knicks
15,28/01/2019 19:00,Indiana Pacers,Golden State Warriors
15,28/01/2019 19:30,Boston Celtics,Brooklyn Nets
15,28/01/2019 20:00,Memphis Grizzlies,Denver Nuggets
15,28/01/2019 22:30,LA Clippers,Atlanta Hawks
15,29/01/2019 19:00,Cleveland Cavaliers,Washington Wizards
15,29/01/2019 19:00,Detroit Pistons,Milwaukee Bucks
15,29/01/2019 19:00,Orlando Magic,Oklahoma City Thunder
15,29/01/2019 19:30,Brooklyn Nets,Chicago Bulls
15,29/01/2019 20:00,Houston Rockets,New Orleans Pelicans
15,29/01/2019 20:30,San Antonio Spurs,Phoenix Suns
15,29/01/2019 22:30,Los Angeles Lakers,Philadelphia 76ers
15,30/01/2019 19:30,Boston Celtics,Charlotte Hornets
15,30/01/2019 19:30,Miami Heat,Chicago Bulls
15,30/01/2019 19:30,New York Knicks,Dallas Mavericks
15,30/01/2019 20:00,Washington Wizards,Indiana Pacers
15,30/01/2019 20:00,Minnesota Timberwolves,Memphis Grizzlies
15,30/01/2019 20:00,New Orleans Pelicans,Denver Nuggets
15,30/01/2019 22:00,Sacramento Kings,Atlanta Hawks
15,30/01/2019 22:30,Portland Trail Blazers,Utah Jazz
16,31/01/2019 19:00,Detroit Pistons,Dallas Mavericks
16,31/01/2019 19:00,Orlando Magic,Indiana Pacers
16,31/01/2019 20:00,Toronto Raptors,Milwaukee Bucks
16,31/01/2019 20:30,San Antonio Spurs,Brooklyn Nets
16,31/01/2019 22:30,Golden State Warriors,Philadelphia 76ers
16,31/01/2019 22:30,LA Clippers,Los Angeles Lakers
16,01/02/2019 19:00,Charlotte Hornets,Memphis Grizzlies
16,01/02/2019 19:30,New York Knicks,Boston Celtics
16,01/02/2019 20:00,Miami Heat,Oklahoma City Thunder
16,01/02/2019 21:00,Utah Jazz,Atlanta Hawks
16,01/02/2019 22:00,Denver Nuggets,Houston Rockets
16,02/02/2019 17:00,Detroit Pistons,LA Clippers
16,02/02/2019 19:00,Charlotte Hornets,Chicago Bulls
16,02/02/2019 19:00,Orlando Magic,Brooklyn Nets
16,02/02/2019 19:00,Washington Wizards,Milwaukee Bucks
16,02/02/2019 19:30,Cleveland Cavaliers,Dallas Mavericks
16,02/02/2019 19:30,Miami Heat,Indiana Pacers
16,02/02/2019 20:30,San Antonio Spurs,New Orleans Pelicans
16,02/02/2019 20:30,Golden State Warriors,Los Angeles Lakers
16,02/02/2019 21:00,Minnesota Timberwolves,Denver Nuggets
16,02/02/2019 21:00,Phoenix Suns,Atlanta Hawks
16,02/02/2019 21:00,Utah Jazz,Houston Rockets
16,02/02/2019 22:00,Sacramento Kings,Philadelphia 76ers
16,03/02/2019 13:00,New York Knicks,Memphis Grizzlies
16,03/02/2019 14:00,Boston Celtics,Oklahoma City Thunder
16,03/02/2019 15:00,Toronto Raptors,LA Clippers
16,04/02/2019 19:00,Detroit Pistons,Denver Nuggets
16,04/02/2019 19:00,Washington Wizards,Atlanta Hawks
16,04/02/2019 19:30,Brooklyn Nets,Milwaukee Bucks
16,04/02/2019 20:00,New Orleans Pelicans,Indiana Pacers
16,04/02/2019 21:00,Phoenix Suns,Houston Rockets
16,04/02/2019 22:00,Sacramento Kings,San Antonio Spurs
16,05/02/2019 19:00,Charlotte Hornets,LA Clippers
16,05/02/2019 19:00,Cleveland Cavaliers,Boston Celtics
16,05/02/2019 19:00,Indiana Pacers,Los Angeles Lakers
16,05/02/2019 19:30,New York Knicks,Detroit Pistons
16,05/02/2019 20:00,Philadelphia 76ers,Toronto Raptors
16,05/02/2019 20:00,Memphis Grizzlies,Minnesota Timberwolves
16,05/02/2019 20:00,Oklahoma City Thunder,Orlando Magic
16,05/02/2019 22:30,Portland Trail Blazers,Miami Heat
16,06/02/2019 19:30,Brooklyn Nets,Denver Nuggets
16,06/02/2019 20:00,Chicago Bulls,New Orleans Pelicans
16,06/02/2019 20:00,Milwaukee Bucks,Washington Wizards
16,06/02/2019 20:30,Dallas Mavericks,Charlotte Hornets
16,06/02/2019 21:00,Utah Jazz,Phoenix Suns
16,06/02/2019 22:00,Sacramento Kings,Houston Rockets
16,06/02/2019 22:30,Golden State Warriors,San Antonio Spurs
17,07/02/2019 19:00,Indiana Pacers,LA Clippers
17,07/02/2019 19:00,Orlando Magic,Minnesota Timberwolves
17,07/02/2019 19:30,Atlanta Hawks,Toronto Raptors
17,07/02/2019 20:00,Boston Celtics,Los Angeles Lakers
17,07/02/2019 20:00,Oklahoma City Thunder,Memphis Grizzlies
17,07/02/2019 22:30,Portland Trail Blazers,San Antonio Spurs
17,08/02/2019 19:00,Detroit Pistons,New York Knicks
17,08/02/2019 19:00,Philadelphia 76ers,Denver Nuggets
17,08/02/2019 19:00,Washington Wizards,Cleveland Cavaliers
17,08/02/2019 19:30,Brooklyn Nets,Chicago Bulls
17,08/02/2019 20:30,Dallas Mavericks,Milwaukee Bucks
17,08/02/2019 21:00,Phoenix Suns,Golden State Warriors
17,08/02/2019 21:30,New Orleans Pelicans,Minnesota Timberwolves
17,08/02/2019 22:00,Sacramento Kings,Miami Heat
17,09/02/2019 17:00,Utah Jazz,San Antonio Spurs
17,09/02/2019 19:00,Indiana Pacers,Cleveland Cavaliers
17,09/02/2019 19:30,Atlanta Hawks,Charlotte Hornets
17,09/02/2019 19:30,New York Knicks,Toronto Raptors
17,09/02/2019 20:00,Boston Celtics,LA Clippers
17,09/02/2019 20:00,Chicago Bulls,Washington Wizards
17,09/02/2019 20:00,Memphis Grizzlies,New Orleans Pelicans
17,09/02/2019 20:30,Houston Rockets,Oklahoma City Thunder
17,09/02/2019 21:00,Milwaukee Bucks,Orlando Magic
17,10/02/2019 15:00,Dallas Mavericks,Portland Trail Blazers
17,10/02/2019 15:30,Philadelphia 76ers,Los Angeles Lakers
17,10/02/2019 18:00,Sacramento Kings,Phoenix Suns
17,10/02/2019 19:30,Atlanta Hawks,Orlando Magic
17,10/02/2019 20:30,Golden State Warriors,Miami Heat
17,11/02/2019 19:00,Cleveland Cavaliers,New York Knicks
17,11/02/2019 19:00,Detroit Pistons,Washington Wizards
17,11/02/2019 19:00,Indiana Pacers,Charlotte Hornets
17,11/02/2019 19:30,Toronto Raptors,Brooklyn Nets
17,11/02/2019 20:00,Chicago Bulls,Milwaukee Bucks
17,11/02/2019 20:00,Houston Rockets,Dallas Mavericks
17,11/02/2019 20:00,Minnesota Timberwolves,LA Clippers
17,11/02/2019 20:00,Oklahoma City Thunder,Portland Trail Blazers
17,11/02/2019 21:00,Denver Nuggets,Miami Heat
17,12/02/2019 19:30,Atlanta Hawks,Los Angeles Lakers
17,12/02/2019 20:00,Philadelphia 76ers,Boston Celtics
17,12/02/2019 20:00,Memphis Grizzlies,San Antonio Spurs
17,12/02/2019 20:00,New Orleans Pelicans,Orlando Magic
17,12/02/2019 22:30,Golden State Warriors,Utah Jazz
17,13/02/2019 19:00,Cleveland Cavaliers,Brooklyn Nets
17,13/02/2019 19:00,Indiana Pacers,Milwaukee Bucks
17,13/02/2019 19:30,Boston Celtics,Detroit Pistons
17,13/02/2019 19:30,New York Knicks,Philadelphia 76ers
17,13/02/2019 19:30,Toronto Raptors,Washington Wizards
17,13/02/2019 20:00,Chicago Bulls,Memphis Grizzlies
17,13/02/2019 20:00,Minnesota Timberwolves,Houston Rockets
17,13/02/2019 20:30,Dallas Mavericks,Miami Heat
17,13/02/2019 21:00,Denver Nuggets,Sacramento Kings
17,13/02/2019 22:30,Portland Trail Blazers,Golden State Warriors
17,13/02/2019 22:30,LA Clippers,Phoenix Suns
17,14/02/2019 19:00,Orlando Magic,Charlotte Hornets
17,14/02/2019 19:30,Atlanta Hawks,New York Knicks
17,14/02/2019 20:00,New Orleans Pelicans,Oklahoma City Thunder
18,21/02/2019 19:00,Cleveland Cavaliers,Phoenix Suns
18,21/02/2019 19:00,Philadelphia 76ers,Miami Heat
18,21/02/2019 19:30,Brooklyn Nets,Portland Trail Blazers
18,21/02/2019 20:00,Milwaukee Bucks,Boston Celtics
18,21/02/2019 22:30,Golden State Warriors,Sacramento Kings
18,21/02/2019 22:30,Los Angeles Lakers,Houston Rockets
18,22/02/2019 19:00,Charlotte Hornets,Washington Wizards
18,22/02/2019 19:00,Indiana Pacers,New Orleans Pelicans
18,22/02/2019 19:00,Orlando Magic,Chicago Bulls
18,22/02/2019 19:00,Toronto Raptors,San Antonio Spurs
18,22/02/2019 19:30,Atlanta Hawks,Detroit Pistons
18,22/02/2019 19:30,New York Knicks,Minnesota Timberwolves
18,22/02/2019 20:00,Memphis Grizzlies,LA Clippers
18,22/02/2019 20:30,Dallas Mavericks,Denver Nuggets
18,22/02/2019 21:30,Oklahoma City Thunder,Utah Jazz
18,23/02/2019 13:00,Philadelphia 76ers,Portland Trail Blazers
18,23/02/2019 19:00,Atlanta Hawks,Phoenix Suns
18,23/02/2019 19:00,Charlotte Hornets,Brooklyn Nets
18,23/02/2019 19:00,Cleveland Cavaliers,Memphis Grizzlies
18,23/02/2019 19:00,Washington Wizards,Indiana Pacers
18,23/02/2019 19:00,New Orleans Pelicans,Los Angeles Lakers
18,23/02/2019 19:30,Miami Heat,Detroit Pistons
18,23/02/2019 20:00,Chicago Bulls,Boston Celtics
18,23/02/2019 20:00,Oklahoma City Thunder,Sacramento Kings
18,23/02/2019 20:30,Milwaukee Bucks,Minnesota Timberwolves
18,23/02/2019 20:30,Golden State Warriors,Houston Rockets
18,23/02/2019 22:00,Utah Jazz,Dallas Mavericks
18,24/02/2019 15:30,Toronto Raptors,Orlando Magic
18,24/02/2019 17:00,Denver Nuggets,LA Clippers
18,24/02/2019 19:30,New York Knicks,San Antonio Spurs
18,25/02/2019 19:00,Charlotte Hornets,Golden State Warriors
18,25/02/2019 19:00,Cleveland Cavaliers,Portland Trail Blazers
18,25/02/2019 19:00,Detroit Pistons,Indiana Pacers
18,25/02/2019 19:30,Brooklyn Nets,San Antonio Spurs
18,25/02/2019 19:30,Miami Heat,Phoenix Suns
18,25/02/2019 20:00,Chicago Bulls,Milwaukee Bucks
18,25/02/2019 20:00,Houston Rockets,Atlanta Hawks
18,25/02/2019 20:00,Memphis Grizzlies,Los Angeles Lakers
18,25/02/2019 20:00,Minnesota Timberwolves,Sacramento Kings
18,25/02/2019 20:00,New Orleans Pelicans,Philadelphia 76ers
18,25/02/2019 22:30,LA Clippers,Dallas Mavericks
18,26/02/2019 19:30,New York Knicks,Orlando Magic
18,26/02/2019 20:00,Toronto Raptors,Boston Celtics
18,26/02/2019 22:30,Denver Nuggets,Oklahoma City Thunder
18,27/02/2019 19:00,Charlotte Hornets,Houston Rockets
18,27/02/2019 19:30,Atlanta Hawks,Minnesota Timberwolves
18,27/02/2019 19:30,Brooklyn Nets,Washington Wizards
18,27/02/2019 19:30,Miami Heat,Golden State Warriors
18,27/02/2019 20:00,Boston Celtics,Portland Trail Blazers
18,27/02/2019 20:00,Memphis Grizzlies,Chicago Bulls
18,27/02/2019 20:30,San Antonio Spurs,Detroit Pistons
18,27/02/2019 20:30,Dallas Mavericks,Indiana Pacers
18,27/02/2019 21:00,Utah Jazz,LA Clippers
18,27/02/2019 22:00,Sacramento Kings,Milwaukee Bucks
18,27/02/2019 22:30,Los Angeles Lakers,New Orleans Pelicans
19,28/02/2019 19:00,Indiana Pacers,Minnesota Timberwolves
19,28/02/2019 19:00,Orlando Magic,Golden State Warriors
19,28/02/2019 19:30,New York Knicks,Cleveland Cavaliers
19,28/02/2019 20:00,Houston Rockets,Miami Heat
19,28/02/2019 20:00,Oklahoma City Thunder,Philadelphia 76ers
19,28/02/2019 22:30,Denver Nuggets,Utah Jazz
19,01/03/2019 19:30,Atlanta Hawks,Chicago Bulls
19,01/03/2019 19:30,Brooklyn Nets,Charlotte Hornets
19,01/03/2019 20:00,Toronto Raptors,Portland Trail Blazers
19,01/03/2019 20:00,Boston Celtics,Washington Wizards
19,01/03/2019 21:00,Phoenix Suns,New Orleans Pelicans
19,01/03/2019 22:00,Sacramento Kings,LA Clippers
19,01/03/2019 22:30,Los Angeles Lakers,Milwaukee Bucks
19,02/03/2019 17:00,Cleveland Cavaliers,Detroit Pistons
19,02/03/2019 19:00,Indiana Pacers,Orlando Magic
19,02/03/2019 19:30,Miami Heat,Brooklyn Nets
19,02/03/2019 20:30,Philadelphia 76ers,Golden State Warriors
19,02/03/2019 20:30,Dallas Mavericks,Memphis Grizzlies
19,02/03/2019 20:30,San Antonio Spurs,Oklahoma City Thunder
19,02/03/2019 21:00,Denver Nuggets,New Orleans Pelicans
19,02/03/2019 21:00,Phoenix Suns,Los Angeles Lakers
19,02/03/2019 21:00,Utah Jazz,Milwaukee Bucks
19,03/03/2019 13:00,Charlotte Hornets,Portland Trail Blazers
19,03/03/2019 15:30,Boston Celtics,Houston Rockets
19,03/03/2019 15:30,Chicago Bulls,Atlanta Hawks
19,03/03/2019 15:30,LA Clippers,New York Knicks
19,03/03/2019 18:00,Cleveland Cavaliers,Orlando Magic
19,03/03/2019 18:00,Detroit Pistons,Toronto Raptors
19,03/03/2019 18:00,Washington Wizards,Minnesota Timberwolves
19,03/03/2019 19:00,Oklahoma City Thunder,Memphis Grizzlies
19,04/03/2019 19:30,Brooklyn Nets,Dallas Mavericks
19,04/03/2019 19:30,Miami Heat,Atlanta Hawks
19,04/03/2019 20:30,San Antonio Spurs,Denver Nuggets
19,04/03/2019 21:00,Phoenix Suns,Milwaukee Bucks
19,04/03/2019 21:00,Utah Jazz,New Orleans Pelicans
19,04/03/2019 22:00,Sacramento Kings,New York Knicks
19,04/03/2019 22:30,Los Angeles Lakers,LA Clippers
19,05/03/2019 19:00,Indiana Pacers,Chicago Bulls
19,05/03/2019 19:00,Philadelphia 76ers,Orlando Magic
19,05/03/2019 20:00,Toronto Raptors,Houston Rockets
19,05/03/2019 20:00,Memphis Grizzlies,Portland Trail Blazers
19,05/03/2019 20:00,Minnesota Timberwolves,Oklahoma City Thunder
19,05/03/2019 22:30,Golden State Warriors,Boston Celtics
19,06/03/2019 19:00,Charlotte Hornets,Miami Heat
19,06/03/2019 19:00,Detroit Pistons,Minnesota Timberwolves
19,06/03/2019 19:00,Washington Wizards,Dallas Mavericks
19,06/03/2019 19:30,Atlanta Hawks,San Antonio Spurs
19,06/03/2019 19:30,Brooklyn Nets,Cleveland Cavaliers
19,06/03/2019 20:00,Chicago Bulls,Philadelphia 76ers
19,06/03/2019 20:00,New Orleans Pelicans,Utah Jazz
19,06/03/2019 21:00,Phoenix Suns,New York Knicks
19,06/03/2019 22:00,Sacramento Kings,Boston Celtics
19,06/03/2019 22:30,Los Angeles Lakers,Denver Nuggets
20,07/03/2019 20:00,Milwaukee Bucks,Indiana Pacers
20,07/03/2019 22:30,Portland Trail Blazers,Oklahoma City Thunder
20,08/03/2019 19:00,Charlotte Hornets,Washington Wizards
20,08/03/2019 19:00,Orlando Magic,Dallas Mavericks
20,08/03/2019 20:00,Miami Heat,Cleveland Cavaliers
20,08/03/2019 20:00,Chicago Bulls,Detroit Pistons
20,08/03/2019 20:00,Houston Rockets,Philadelphia 76ers
20,08/03/2019 20:00,Memphis Grizzlies,Utah Jazz
20,08/03/2019 20:00,New Orleans Pelicans,Toronto Raptors
20,08/03/2019 22:30,Golden State Warriors,Denver Nuggets
20,08/03/2019 22:30,LA Clippers,Oklahoma City Thunder
20,09/03/2019 12:00,New York Knicks,Sacramento Kings
20,09/03/2019 19:00,Atlanta Hawks,Brooklyn Nets
20,09/03/2019 20:00,Minnesota Timberwolves,Washington Wizards
20,09/03/2019 20:30,Los Angeles Lakers,Boston Celtics
20,09/03/2019 21:00,Milwaukee Bucks,Charlotte Hornets
20,09/03/2019 22:00,Portland Trail Blazers,Phoenix Suns
20,10/03/2019 12:00,Detroit Pistons,Chicago Bulls
20,10/03/2019 15:30,Miami Heat,Toronto Raptors
20,10/03/2019 15:30,Philadelphia 76ers,Indiana Pacers
20,10/03/2019 18:00,Atlanta Hawks,New Orleans Pelicans
20,10/03/2019 18:00,Memphis Grizzlies,Orlando Magic
20,10/03/2019 19:00,Dallas Mavericks,Houston Rockets
20,10/03/2019 20:00,Minnesota Timberwolves,New York Knicks
20,10/03/2019 20:00,San Antonio Spurs,Milwaukee Bucks
20,10/03/2019 20:30,Golden State Warriors,Phoenix Suns
20,11/03/2019 19:00,Cleveland Cavaliers,Toronto Raptors
20,11/03/2019 19:00,Washington Wizards,Sacramento Kings
20,11/03/2019 19:30,Brooklyn Nets,Detroit Pistons
20,11/03/2019 20:00,Houston Rockets,Charlotte Hornets
20,11/03/2019 21:00,Utah Jazz,Oklahoma City Thunder
20,11/03/2019 22:30,LA Clippers,Boston Celtics
20,12/03/2019 19:00,Indiana Pacers,New York Knicks
20,12/03/2019 19:00,Philadelphia 76ers,Cleveland Cavaliers
20,12/03/2019 20:00,Chicago Bulls,Los Angeles Lakers
20,12/03/2019 20:00,New Orleans Pelicans,Milwaukee Bucks
20,12/03/2019 20:00,Dallas Mavericks,San Antonio Spurs
20,12/03/2019 22:30,Denver Nuggets,Minnesota Timberwolves
20,12/03/2019 22:30,LA Clippers,Portland Trail Blazers
20,13/03/2019 19:00,Washington Wizards,Orlando Magic
20,13/03/2019 19:00,Oklahoma City Thunder,Brooklyn Nets
20,13/03/2019 19:30,Miami Heat,Detroit Pistons
20,13/03/2019 19:30,Atlanta Hawks,Memphis Grizzlies
20,13/03/2019 21:30,Houston Rockets,Golden State Warriors
20,13/03/2019 22:00,Phoenix Suns,Utah Jazz
20,14/03/2019 19:00,Indiana Pacers,Oklahoma City Thunder
20,14/03/2019 19:00,Orlando Magic,Cleveland Cavaliers
20,14/03/2019 19:30,Boston Celtics,Sacramento Kings
21,14/03/2019 20:00,Toronto Raptors,Los Angeles Lakers
21,14/03/2019 21:00,Utah Jazz,Minnesota Timberwolves
21,14/03/2019 22:30,Denver Nuggets,Dallas Mavericks
21,15/03/2019 19:00,Detroit Pistons,Los Angeles Lakers
21,15/03/2019 19:00,Philadelphia 76ers,Sacramento Kings
21,15/03/2019 19:00,Washington Wizards,Charlotte Hornets
21,15/03/2019 20:00,Miami Heat,Milwaukee Bucks
21,15/03/2019 20:00,Houston Rockets,Phoenix Suns
21,15/03/2019 20:00,New Orleans Pelicans,Portland Trail Blazers
21,15/03/2019 20:30,San Antonio Spurs,New York Knicks
21,15/03/2019 22:30,LA Clippers,Chicago Bulls
21,16/03/2019 12:30,Boston Celtics,Atlanta Hawks
21,16/03/2019 19:00,Washington Wizards,Memphis Grizzlies
21,16/03/2019 19:00,New Orleans Pelicans,Phoenix Suns
21,16/03/2019 20:30,Dallas Mavericks,Cleveland Cavaliers
21,16/03/2019 20:30,Oklahoma City Thunder,Golden State Warriors
21,16/03/2019 20:30,San Antonio Spurs,Portland Trail Blazers
21,16/03/2019 21:00,Denver Nuggets,Indiana Pacers
21,16/03/2019 21:00,Utah Jazz,Brooklyn Nets
21,17/03/2019 12:00,New York Knicks,Los Angeles Lakers
21,17/03/2019 13:00,Miami Heat,Charlotte Hornets
21,17/03/2019 15:30,Milwaukee Bucks,Philadelphia 76ers
21,17/03/2019 16:00,Detroit Pistons,Toronto Raptors
21,17/03/2019 18:00,Orlando Magic,Atlanta Hawks
21,17/03/2019 18:00,Sacramento Kings,Chicago Bulls
21,17/03/2019 21:00,Houston Rockets,Minnesota Timberwolves
21,17/03/2019 21:00,LA Clippers,Brooklyn Nets
21,18/03/2019 19:00,Cleveland Cavaliers,Detroit Pistons
21,18/03/2019 19:00,Washington Wizards,Utah Jazz
21,18/03/2019 19:30,Boston Celtics,Denver Nuggets
21,18/03/2019 19:30,Toronto Raptors,New York Knicks
21,18/03/2019 20:00,Oklahoma City Thunder,Miami Heat
21,18/03/2019 20:00,San Antonio Spurs,Golden State Warriors
21,18/03/2019 20:30,Dallas Mavericks,New Orleans Pelicans
21,18/03/2019 22:00,Phoenix Suns,Chicago Bulls
21,18/03/2019 22:30,Portland Trail Blazers,Indiana Pacers
21,19/03/2019 19:00,Charlotte Hornets,Philadelphia 76ers
21,19/03/2019 19:30,Atlanta Hawks,Houston Rockets
21,19/03/2019 20:00,Milwaukee Bucks,Los Angeles Lakers
21,19/03/2019 20:00,Minnesota Timberwolves,Golden State Warriors
21,19/03/2019 22:00,Sacramento Kings,Brooklyn Nets
21,19/03/2019 22:30,LA Clippers,Indiana Pacers
21,20/03/2019 19:00,Cleveland Cavaliers,Milwaukee Bucks
21,20/03/2019 19:00,Orlando Magic,New Orleans Pelicans
21,20/03/2019 19:00,Philadelphia 76ers,Boston Celtics
21,20/03/2019 19:30,New York Knicks,Utah Jazz
21,20/03/2019 20:00,Chicago Bulls,Washington Wizards
21,20/03/2019 20:00,Memphis Grizzlies,Houston Rockets
21,20/03/2019 20:30,San Antonio Spurs,Miami Heat
21,20/03/2019 21:30,Oklahoma City Thunder,Toronto Raptors
21,20/03/2019 22:00,Portland Trail Blazers,Dallas Mavericks
21,21/03/2019 19:00,Charlotte Hornets,Minnesota Timberwolves
21,21/03/2019 19:00,Washington Wizards,Denver Nuggets
21,21/03/2019 19:30,Atlanta Hawks,Utah Jazz
22,21/03/2019 22:00,Phoenix Suns,Detroit Pistons
22,21/03/2019 22:00,Sacramento Kings,Dallas Mavericks
22,21/03/2019 22:30,Golden State Warriors,Indiana Pacers
22,22/03/2019 19:00,Orlando Magic,Memphis Grizzlies
22,22/03/2019 19:30,Cleveland Cavaliers,LA Clippers
22,22/03/2019 19:30,New York Knicks,Denver Nuggets
22,22/03/2019 19:30,Toronto Raptors,Oklahoma City Thunder
22,22/03/2019 20:00,Houston Rockets,San Antonio Spurs
22,22/03/2019 20:30,Milwaukee Bucks,Miami Heat
22,22/03/2019 22:30,Los Angeles Lakers,Brooklyn Nets
22,23/03/2019 18:00,Charlotte Hornets,Boston Celtics
22,23/03/2019 19:00,Washington Wizards,Miami Heat
22,23/03/2019 19:30,Atlanta Hawks,Philadelphia 76ers
22,23/03/2019 20:00,Chicago Bulls,Utah Jazz
22,23/03/2019 20:00,Memphis Grizzlies,Minnesota Timberwolves
22,23/03/2019 20:30,Golden State Warriors,Dallas Mavericks
22,23/03/2019 22:00,Portland Trail Blazers,Detroit Pistons
22,23/03/2019 22:00,Sacramento Kings,Phoenix Suns
22,24/03/2019 12:00,New York Knicks,LA Clippers
22,24/03/2019 16:30,Milwaukee Bucks,Cleveland Cavaliers
22,24/03/2019 17:00,Indiana Pacers,Denver Nuggets
22,24/03/2019 18:00,Toronto Raptors,Charlotte Hornets
22,24/03/2019 19:00,New Orleans Pelicans,Houston Rockets
22,24/03/2019 19:30,Boston Celtics,San Antonio Spurs
22,24/03/2019 20:30,Golden State Warriors,Detroit Pistons
22,24/03/2019 21:30,Los Angeles Lakers,Sacramento Kings
22,25/03/2019 19:00,Orlando Magic,Philadelphia 76ers
22,25/03/2019 20:00,Memphis Grizzlies,Oklahoma City Thunder
22,25/03/2019 21:00,Utah Jazz,Phoenix Suns
22,25/03/2019 22:00,Portland Trail Blazers,Brooklyn Nets
22,26/03/2019 19:00,Charlotte Hornets,San Antonio Spurs
22,26/03/2019 19:00,Cleveland Cavaliers,Boston Celtics
22,26/03/2019 19:30,Miami Heat,Orlando Magic
22,26/03/2019 19:30,Toronto Raptors,Chicago Bulls
22,26/03/2019 20:00,Milwaukee Bucks,Houston Rockets
22,26/03/2019 20:00,Minnesota Timberwolves,LA Clippers
22,26/03/2019 20:00,New Orleans Pelicans,Atlanta Hawks
22,26/03/2019 20:30,Dallas Mavericks,Sacramento Kings
22,26/03/2019 21:00,Denver Nuggets,Detroit Pistons
22,26/03/2019 22:30,Los Angeles Lakers,Washington Wizards
22,27/03/2019 20:00,Chicago Bulls,Portland Trail Blazers
22,27/03/2019 20:00,Memphis Grizzlies,Golden State Warriors
22,27/03/2019 20:00,Oklahoma City Thunder,Indiana Pacers
22,27/03/2019 22:00,Phoenix Suns,Washington Wizards
22,27/03/2019 22:30,Utah Jazz,Los Angeles Lakers
22,28/03/2019 19:00,Detroit Pistons,Orlando Magic
22,28/03/2019 19:00,Philadelphia 76ers,Brooklyn Nets
22,28/03/2019 19:30,Miami Heat,Dallas Mavericks
22,28/03/2019 19:30,New York Knicks,Toronto Raptors
23,28/03/2019 20:00,Houston Rockets,Denver Nuggets
23,28/03/2019 20:00,Milwaukee Bucks,LA Clippers
23,28/03/2019 20:00,New Orleans Pelicans,Sacramento Kings
23,28/03/2019 20:30,San Antonio Spurs,Cleveland Cavaliers
23,29/03/2019 19:00,Boston Celtics,Indiana Pacers
23,29/03/2019 19:30,Atlanta Hawks,Portland Trail Blazers
23,29/03/2019 20:00,Minnesota Timberwolves,Golden State Warriors
23,29/03/2019 20:00,Oklahoma City Thunder,Denver Nuggets
23,29/03/2019 21:00,Utah Jazz,Washington Wizards
23,29/03/2019 22:30,Los Angeles Lakers,Charlotte Hornets
23,30/03/2019 15:30,LA Clippers,Cleveland Cavaliers
23,30/03/2019 18:00,Brooklyn Nets,Boston Celtics
23,30/03/2019 18:00,Houston Rockets,Sacramento Kings
23,30/03/2019 19:00,Detroit Pistons,Portland Trail Blazers
23,30/03/2019 19:00,Indiana Pacers,Orlando Magic
23,30/03/2019 19:30,New York Knicks,Miami Heat
23,30/03/2019 20:00,Chicago Bulls,Toronto Raptors
23,30/03/2019 20:00,Minnesota Timberwolves,Philadelphia 76ers
23,30/03/2019 22:00,Phoenix Suns,Memphis Grizzlies
23,31/03/2019 12:30,Atlanta Hawks,Milwaukee Bucks
23,31/03/2019 15:30,Oklahoma City Thunder,Dallas Mavericks
23,31/03/2019 18:00,New Orleans Pelicans,Los Angeles Lakers
23,31/03/2019 19:00,San Antonio Spurs,Sacramento Kings
23,31/03/2019 20:00,Denver Nuggets,Washington Wizards
23,31/03/2019 20:30,Golden State Warriors,Charlotte Hornets
23,31/03/2019 22:30,LA Clippers,Memphis Grizzlies
23,01/04/2019 19:00,Indiana Pacers,Detroit Pistons
23,01/04/2019 19:30,Boston Celtics,Miami Heat
23,01/04/2019 19:30,Brooklyn Nets,Milwaukee Bucks
23,01/04/2019 19:30,New York Knicks,Chicago Bulls
23,01/04/2019 19:30,Toronto Raptors,Orlando Magic
23,01/04/2019 20:00,Minnesota Timberwolves,Portland Trail Blazers
23,01/04/2019 20:30,Dallas Mavericks,Philadelphia 76ers
23,01/04/2019 21:00,Utah Jazz,Charlotte Hornets
23,01/04/2019 22:00,Phoenix Suns,Cleveland Cavaliers
23,02/04/2019 20:00,Oklahoma City Thunder,Los Angeles Lakers
23,02/04/2019 20:30,San Antonio Spurs,Atlanta Hawks
23,02/04/2019 22:00,Sacramento Kings,Houston Rockets
23,02/04/2019 22:30,Golden State Warriors,Denver Nuggets
23,03/04/2019 19:00,Detroit Pistons,Indiana Pacers
23,03/04/2019 19:00,Orlando Magic,New York Knicks
23,03/04/2019 19:00,Washington Wizards,Chicago Bulls
23,03/04/2019 19:30,Atlanta Hawks,Philadelphia 76ers
23,03/04/2019 19:30,Brooklyn Nets,Toronto Raptors
23,03/04/2019 19:30,Miami Heat,Boston Celtics
23,03/04/2019 20:00,New Orleans Pelicans,Charlotte Hornets
23,03/04/2019 20:30,Dallas Mavericks,Minnesota Timberwolves
23,03/04/2019 21:00,Denver Nuggets,San Antonio Spurs
23,03/04/2019 22:00,Phoenix Suns,Utah Jazz
23,03/04/2019 22:00,Portland Trail Blazers,Memphis Grizzlies
23,03/04/2019 22:30,LA Clippers,Houston Rockets
24,04/04/2019 20:00,Philadelphia 76ers,Milwaukee Bucks
24,04/04/2019 22:00,Sacramento Kings,Cleveland Cavaliers
24,04/04/2019 22:30,Los Angeles Lakers,Golden State Warriors
24,05/04/2019 19:00,Charlotte Hornets,Toronto Raptors
24,05/04/2019 19:00,Orlando Magic,Atlanta Hawks
24,05/04/2019 19:00,Washington Wizards,San Antonio Spurs
24,05/04/2019 20:00,Indiana Pacers,Boston Celtics
24,05/04/2019 20:00,Houston Rockets,New York Knicks
24,05/04/2019 20:00,Minnesota Timberwolves,Miami Heat
24,05/04/2019 20:00,Oklahoma City Thunder,Detroit Pistons
24,05/04/2019 20:30,Dallas Mavericks,Memphis Grizzlies
24,05/04/2019 21:00,Utah Jazz,Sacramento Kings
24,05/04/2019 22:00,Phoenix Suns,New Orleans Pelicans
24,05/04/2019 22:30,Denver Nuggets,Portland Trail Blazers
24,05/04/2019 22:30,Golden State Warriors,Cleveland Cavaliers
24,05/04/2019 22:30,LA Clippers,Los Angeles Lakers
24,06/04/2019 17:00,Milwaukee Bucks,Brooklyn Nets
24,06/04/2019 20:00,Chicago Bulls,Philadelphia 76ers
24,07/04/2019 12:00,Toronto Raptors,Miami Heat
24,07/04/2019 15:00,Cleveland Cavaliers,San Antonio Spurs
24,07/04/2019 15:30,Minnesota Timberwolves,Oklahoma City Thunder
24,07/04/2019 16:00,Detroit Pistons,Charlotte Hornets
24,07/04/2019 17:00,Indiana Pacers,Brooklyn Nets
24,07/04/2019 18:00,Memphis Grizzlies,Dallas Mavericks
24,07/04/2019 19:00,Milwaukee Bucks,Atlanta Hawks
24,07/04/2019 19:00,Houston Rockets,Phoenix Suns
24,07/04/2019 19:30,Boston Celtics,Orlando Magic
24,07/04/2019 19:30,New York Knicks,Washington Wizards
24,07/04/2019 20:30,Golden State Warriors,LA Clippers
24,07/04/2019 21:00,Portland Trail Blazers,Denver Nuggets
24,07/04/2019 21:00,Sacramento Kings,New Orleans Pelicans
24,07/04/2019 21:30,Los Angeles Lakers,Utah Jazz
24,09/04/2019 19:00,Cleveland Cavaliers,Charlotte Hornets
24,09/04/2019 19:00,Detroit Pistons,Memphis Grizzlies
24,09/04/2019 19:00,Washington Wizards,Boston Celtics
24,09/04/2019 19:30,Miami Heat,Philadelphia 76ers
24,09/04/2019 20:00,Chicago Bulls,New York Knicks
24,09/04/2019 20:00,Minnesota Timberwolves,Toronto Raptors
24,09/04/2019 20:00,New Orleans Pelicans,Golden State Warriors
24,09/04/2019 20:30,Dallas Mavericks,Phoenix Suns
24,09/04/2019 21:00,Utah Jazz,Denver Nuggets
24,09/04/2019 21:30,Oklahoma City Thunder,Houston Rockets
24,09/04/2019 22:30,Los Angeles Lakers,Portland Trail Blazers
24,10/04/2019 20:00,Atlanta Hawks,Indiana Pacers
24,10/04/2019 20:00,Brooklyn Nets,Miami Heat
24,10/04/2019 20:00,Charlotte Hornets,Orlando Magic
24,10/04/2019 20:00,New York Knicks,Detroit Pistons
24,10/04/2019 20:00,Philadelphia 76ers,Chicago Bulls
24,10/04/2019 20:00,Memphis Grizzlies,Golden State Warriors
24,10/04/2019 20:00,Milwaukee Bucks,Oklahoma City Thunder
24,10/04/2019 20:00,San Antonio Spurs,Dallas Mavericks
24,10/04/2019 22:30,Denver Nuggets,Minnesota Timberwolves
24,10/04/2019 22:30,LA Clippers,Utah Jazz
24,10/04/2019 22:30,Portland Trail Blazers,Sacramento Kings
