day,home team,away team
1,Chicago Bulls,Indiana Pacers
1,Boston Celtics,Philadelphia 76ers
1,Golden State Warriors,Oklahoma City Thunder
2,Cleveland Cavaliers,Toronto Raptors
2,LA Clippers,Denver Nuggets
2,New York Knicks,Atlanta Hawks
2,Phoenix Suns,Dallas Mavericks
2,Houston Rockets,New Orleans Pelicans
2,Utah Jazz,Sacramento Kings
2,Milwaukee Bucks,Charlotte Hornets
2,Orlando Magic,Miami Heat
2,San Antonio Spurs,Minnesota Timberwolves
2,Detroit Pistons,Brooklyn Nets
2,Indiana Pacers,Memphis Grizzlies
3,Portland Trail Blazers,Los Angeles Lakers
3,Washington Wizards,Miami Heat
3,Philadelphia 76ers,Chicago Bulls
4,Toronto Raptors,Boston Celtics
4,LA Clippers,Oklahoma City Thunder
4,Brooklyn Nets,New York Knicks
4,Memphis Grizzlies,Atlanta Hawks
4,New Orleans Pelicans,Sacramento Kings
4,Orlando Magic,Charlotte Hornets
4,Utah Jazz,Golden State Warriors
4,Indiana Pacers,Milwaukee Bucks
4,Minnesota Timberwolves,Cleveland Cavaliers
5,Washington Wizards,Toronto Raptors
5,Portland Trail Blazers,San Antonio Spurs
5,New York Knicks,Boston Celtics
5,Los Angeles Lakers,Houston Rockets
5,Dallas Mavericks,Minnesota Timberwolves
5,Miami Heat,Charlotte Hornets
5,Chicago Bulls,Detroit Pistons
5,Denver Nuggets,Phoenix Suns
5,Philadelphia 76ers,Orlando Magic
5,Indiana Pacers,Brooklyn Nets
6,LA Clippers,Houston Rockets
6,Cleveland Cavaliers,Atlanta Hawks
6,Oklahoma City Thunder,Sacramento Kings
6,Denver Nuggets,Golden State Warriors
7,Toronto Raptors,Charlotte Hornets
7,Portland Trail Blazers,Washington Wizards
7,Milwaukee Bucks,New York Knicks
7,Los Angeles Lakers,San Antonio Spurs
7,Dallas Mavericks,Chicago Bulls
7,Utah Jazz,Memphis Grizzlies
7,Boston Celtics,Orlando Magic
7,Golden State Warriors,Phoenix Suns
7,Minnesota Timberwolves,Indiana Pacers
8,New Orleans Pelicans,LA Clippers
8,Denver Nuggets,Sacramento Kings
8,Detroit Pistons,Philadelphia 76ers
9,Toronto Raptors,Minnesota Timberwolves
9,Miami Heat,New York Knicks
9,Phoenix Suns,Los Angeles Lakers
9,Golden State Warriors,Washington Wizards
9,Atlanta Hawks,Dallas Mavericks
9,Sacramento Kings,Memphis Grizzlies
9,Chicago Bulls,Charlotte Hornets
9,Houston Rockets,Utah Jazz
9,Philadelphia 76ers,Milwaukee Bucks
9,Cleveland Cavaliers,Brooklyn Nets
9,San Antonio Spurs,Indiana Pacers
10,Orlando Magic,Portland Trail Blazers
10,Los Angeles Lakers,Denver Nuggets
10,Oklahoma City Thunder,Boston Celtics
10,Detroit Pistons,Cleveland Cavaliers
11,Toronto Raptors,Dallas Mavericks
11,Houston Rockets,LA Clippers
11,New York Knicks,Golden State Warriors
11,Sacramento Kings,Washington Wizards
11,New Orleans Pelicans,Brooklyn Nets
11,Charlotte Hornets,Chicago Bulls
11,Minnesota Timberwolves,Milwaukee Bucks
12,Miami Heat,Portland Trail Blazers
12,San Antonio Spurs,Los Angeles Lakers
12,Atlanta Hawks,Chicago Bulls
12,New Orleans Pelicans,Utah Jazz
12,Philadelphia 76ers,Charlotte Hornets
12,Milwaukee Bucks,Orlando Magic
12,Memphis Grizzlies,Phoenix Suns
12,Detroit Pistons,Boston Celtics
12,Cleveland Cavaliers,Indiana Pacers
13,LA Clippers,Washington Wizards
13,Dallas Mavericks,Utah Jazz
13,Oklahoma City Thunder,Phoenix Suns
13,Brooklyn Nets,Golden State Warriors
14,Milwaukee Bucks,Toronto Raptors
14,Indiana Pacers,Portland Trail Blazers
14,New York Knicks,Brooklyn Nets
14,Minnesota Timberwolves,Los Angeles Lakers
14,San Antonio Spurs,Dallas Mavericks
14,Philadelphia 76ers,Atlanta Hawks
14,Denver Nuggets,New Orleans Pelicans
14,Miami Heat,Sacramento Kings
14,Chicago Bulls,Golden State Warriors
15,Toronto Raptors,Philadelphia 76ers
15,Houston Rockets,Portland Trail Blazers
15,Oklahoma City Thunder,LA Clippers
15,Memphis Grizzlies,Washington Wizards
15,Cleveland Cavaliers,Atlanta Hawks
15,Orlando Magic,Sacramento Kings
15,Charlotte Hornets,Miami Heat
15,Boston Celtics,Detroit Pistons
16,New York Knicks,Indiana Pacers
16,Los Angeles Lakers,Dallas Mavericks
16,Golden State Warriors,New Orleans Pelicans
16,Minnesota Timberwolves,Utah Jazz
16,Chicago Bulls,Denver Nuggets
16,Phoenix Suns,San Antonio Spurs
16,Brooklyn Nets,Detroit Pistons
17,Portland Trail Blazers,New Orleans Pelicans
17,Philadelphia 76ers,LA Clippers
17,Atlanta Hawks,Sacramento Kings
17,Charlotte Hornets,Oklahoma City Thunder
17,Cleveland Cavaliers,Denver Nuggets
17,Boston Celtics,Milwaukee Bucks
18,Phoenix Suns,Toronto Raptors
18,Orlando Magic,LA Clippers
18,Dallas Mavericks,New York Knicks
18,Washington Wizards,Oklahoma City Thunder
18,Utah Jazz,Memphis Grizzlies
18,Brooklyn Nets,Houston Rockets
18,Golden State Warriors,Minnesota Timberwolves
19,Portland Trail Blazers,Los Angeles Lakers
19,Atlanta Hawks,Miami Heat
19,San Antonio Spurs,New Orleans Pelicans
19,Charlotte Hornets,Cleveland Cavaliers
19,Denver Nuggets,Utah Jazz
19,Chicago Bulls,Houston Rockets
19,Indiana Pacers,Boston Celtics
19,Detroit Pistons,Philadelphia 76ers
20,Los Angeles Lakers,Toronto Raptors
20,Portland Trail Blazers,Minnesota Timberwolves
20,Washington Wizards,New York Knicks
20,Milwaukee Bucks,Sacramento Kings
20,San Antonio Spurs,Orlando Magic
20,Phoenix Suns,Memphis Grizzlies
20,Brooklyn Nets,Philadelphia 76ers
21,Utah Jazz,Toronto Raptors
21,LA Clippers,Minnesota Timberwolves
21,New York Knicks,Chicago Bulls
21,Oklahoma City Thunder,New Orleans Pelicans
21,Denver Nuggets,Boston Celtics
21,Orlando Magic,Cleveland Cavaliers
21,Indiana Pacers,Houston Rockets
21,Detroit Pistons,Miami Heat
21,Golden State Warriors,Memphis Grizzlies
22,Portland Trail Blazers,Milwaukee Bucks
22,Dallas Mavericks,Washington Wizards
22,Charlotte Hornets,Atlanta Hawks
22,Phoenix Suns,Brooklyn Nets
23,Sacramento Kings,Toronto Raptors
23,Atlanta Hawks,New York Knicks
23,Los Angeles Lakers,Minnesota Timberwolves
23,Dallas Mavericks,Utah Jazz
23,New Orleans Pelicans,Chicago Bulls
23,Memphis Grizzlies,Denver Nuggets
23,Orlando Magic,Detroit Pistons
23,Cleveland Cavaliers,Oklahoma City Thunder
23,Miami Heat,San Antonio Spurs
23,Indiana Pacers,Philadelphia 76ers
24,Portland Trail Blazers,LA Clippers
24,Phoenix Suns,Boston Celtics
24,Golden State Warriors,Milwaukee Bucks
24,Oklahoma City Thunder,Houston Rockets
25,Orlando Magic,Washington Wizards
25,Atlanta Hawks,Detroit Pistons
25,Sacramento Kings,Minnesota Timberwolves
25,Philadelphia 76ers,Charlotte Hornets
25,Utah Jazz,Boston Celtics
25,Denver Nuggets,Brooklyn Nets
25,Miami Heat,Indiana Pacers
26,Toronto Raptors,New York Knicks
26,LA Clippers,Milwaukee Bucks
26,Sacramento Kings,Los Angeles Lakers
26,Miami Heat,Washington Wizards
26,Dallas Mavericks,Oklahoma City Thunder
26,New Orleans Pelicans,Phoenix Suns
26,Chicago Bulls,Cleveland Cavaliers
26,San Antonio Spurs,Houston Rockets
26,Golden State Warriors,Brooklyn Nets
26,Memphis Grizzlies,Philadelphia 76ers
27,Portland Trail Blazers,Boston Celtics
27,New York Knicks,Orlando Magic
27,Los Angeles Lakers,Atlanta Hawks
27,Detroit Pistons,Charlotte Hornets
27,Denver Nuggets,Milwaukee Bucks
27,Houston Rockets,Indiana Pacers
28,Toronto Raptors,New Orleans Pelicans
28,LA Clippers,Golden State Warriors
28,Orlando Magic,Washington Wizards
28,Chicago Bulls,Dallas Mavericks
28,Sacramento Kings,San Antonio Spurs
28,Memphis Grizzlies,Utah Jazz
28,Oklahoma City Thunder,Phoenix Suns
28,Minnesota Timberwolves,Brooklyn Nets
28,Miami Heat,Philadelphia 76ers
29,Golden State Warriors,Atlanta Hawks
29,Cleveland Cavaliers,Charlotte Hornets
29,Denver Nuggets,Houston Rockets
30,Toronto Raptors,Detroit Pistons
30,Los Angeles Lakers,Portland Trail Blazers
30,Oklahoma City Thunder,New York Knicks
30,Washington Wizards,Cleveland Cavaliers
30,Dallas Mavericks,Utah Jazz
30,Minnesota Timberwolves,New Orleans Pelicans
30,Boston Celtics,Chicago Bulls
30,Orlando Magic,Philadelphia 76ers
30,Phoenix Suns,San Antonio Spurs
30,Milwaukee Bucks,Memphis Grizzlies
30,Brooklyn Nets,Miami Heat
31,LA Clippers,San Antonio Spurs
31,Denver Nuggets,Atlanta Hawks
31,Houston Rockets,Golden State Warriors
32,Boston Celtics,Toronto Raptors
32,Minnesota Timberwolves,Portland Trail Blazers
32,New Orleans Pelicans,New York Knicks
32,Washington Wizards,Brooklyn Nets
32,Memphis Grizzlies,Sacramento Kings
32,Philadelphia 76ers,Utah Jazz
32,Milwaukee Bucks,Chicago Bulls
32,Indiana Pacers,Miami Heat
33,Chicago Bulls,Toronto Raptors
33,Brooklyn Nets,LA Clippers
33,Orlando Magic,Los Angeles Lakers
33,Dallas Mavericks,Golden State Warriors
33,Indiana Pacers,Atlanta Hawks
33,New Orleans Pelicans,Denver Nuggets
33,Houston Rockets,Sacramento Kings
33,Charlotte Hornets,Philadelphia 76ers
33,Boston Celtics,Utah Jazz
33,Phoenix Suns,Oklahoma City Thunder
34,Washington Wizards,Portland Trail Blazers
34,Orlando Magic,New York Knicks
34,Miami Heat,Los Angeles Lakers
34,Minnesota Timberwolves,Memphis Grizzlies
34,San Antonio Spurs,Golden State Warriors
35,Atlanta Hawks,LA Clippers
35,Memphis Grizzlies,Dallas Mavericks
35,New Orleans Pelicans,San Antonio Spurs
35,Sacramento Kings,Oklahoma City Thunder
35,Charlotte Hornets,Boston Celtics
35,Indiana Pacers,Utah Jazz
35,Milwaukee Bucks,Denver Nuggets
35,Philadelphia 76ers,Phoenix Suns
35,Detroit Pistons,Cleveland Cavaliers
36,Orlando Magic,Toronto Raptors
36,New York Knicks,Portland Trail Blazers
36,Washington Wizards,LA Clippers
36,Miami Heat,Brooklyn Nets
37,Atlanta Hawks,Toronto Raptors
37,Milwaukee Bucks,Portland Trail Blazers
37,Boston Celtics,New York Knicks
37,Cleveland Cavaliers,Los Angeles Lakers
37,Dallas Mavericks,Brooklyn Nets
37,Philadelphia 76ers,New Orleans Pelicans
37,Sacramento Kings,Utah Jazz
37,Charlotte Hornets,Indiana Pacers
37,Chicago Bulls,Phoenix Suns
37,Minnesota Timberwolves,Denver Nuggets
37,Houston Rockets,Detroit Pistons
37,Golden State Warriors,Oklahoma City Thunder
37,San Antonio Spurs,Memphis Grizzlies
39,Toronto Raptors,Washington Wizards
39,Golden State Warriors,Portland Trail Blazers
39,LA Clippers,Memphis Grizzlies
39,New York Knicks,New Orleans Pelicans
39,Los Angeles Lakers,Utah Jazz
39,Atlanta Hawks,Boston Celtics
39,Oklahoma City Thunder,Charlotte Hornets
39,Chicago Bulls,Miami Heat
39,Denver Nuggets,Orlando Magic
39,Milwaukee Bucks,Phoenix Suns
39,Detroit Pistons,Houston Rockets
39,Brooklyn Nets,Minnesota Timberwolves
39,Philadelphia 76ers,Cleveland Cavaliers
39,Indiana Pacers,San Antonio Spurs
40,Washington Wizards,New Orleans Pelicans
40,Dallas Mavericks,Boston Celtics
40,Golden State Warriors,Sacramento Kings
40,Chicago Bulls,Minnesota Timberwolves
40,Oklahoma City Thunder,Denver Nuggets
40,Milwaukee Bucks,San Antonio Spurs
40,Cleveland Cavaliers,Houston Rockets
41,Toronto Raptors,Miami Heat
41,Portland Trail Blazers,LA Clippers
41,Memphis Grizzlies,New York Knicks
41,Los Angeles Lakers,Orlando Magic
41,Atlanta Hawks,Charlotte Hornets
41,Sacramento Kings,Utah Jazz
41,Detroit Pistons,Phoenix Suns
41,Brooklyn Nets,Philadelphia 76ers
42,Washington Wizards,Houston Rockets
42,New Orleans Pelicans,Boston Celtics
42,Charlotte Hornets,Milwaukee Bucks
42,Utah Jazz,Indiana Pacers
42,Chicago Bulls,San Antonio Spurs
42,Golden State Warriors,Orlando Magic
42,Cleveland Cavaliers,Minnesota Timberwolves
43,Memphis Grizzlies,Toronto Raptors
43,Detroit Pistons,New York Knicks
43,Denver Nuggets,Los Angeles Lakers
43,Miami Heat,Atlanta Hawks
43,Phoenix Suns,Indiana Pacers
44,Portland Trail Blazers,Orlando Magic
44,LA Clippers,Phoenix Suns
44,Philadelphia 76ers,New York Knicks
44,New Orleans Pelicans,Washington Wizards
44,Houston Rockets,Dallas Mavericks
44,Charlotte Hornets,Atlanta Hawks
44,Brooklyn Nets,Utah Jazz
44,Milwaukee Bucks,Chicago Bulls
44,San Antonio Spurs,Minnesota Timberwolves
44,Oklahoma City Thunder,Cleveland Cavaliers
45,Toronto Raptors,Golden State Warriors
45,Sacramento Kings,LA Clippers
45,Los Angeles Lakers,Indiana Pacers
46,Portland Trail Blazers,Denver Nuggets
46,Los Angeles Lakers,Dallas Mavericks
46,Philadelphia 76ers,Washington Wizards
46,Oklahoma City Thunder,Atlanta Hawks
46,Miami Heat,New Orleans Pelicans
46,Charlotte Hornets,Utah Jazz
46,Detroit Pistons,Chicago Bulls
46,Phoenix Suns,Orlando Magic
46,Boston Celtics,Cleveland Cavaliers
46,San Antonio Spurs,Houston Rockets
46,Brooklyn Nets,Memphis Grizzlies
47,Toronto Raptors,Cleveland Cavaliers
47,New York Knicks,Milwaukee Bucks
47,Washington Wizards,Brooklyn Nets
47,Sacramento Kings,Indiana Pacers
47,Houston Rockets,Chicago Bulls
47,Minnesota Timberwolves,Boston Celtics
47,Detroit Pistons,Golden State Warriors
48,Portland Trail Blazers,San Antonio Spurs
48,Dallas Mavericks,LA Clippers
48,Los Angeles Lakers,Phoenix Suns
48,Charlotte Hornets,New Orleans Pelicans
48,Miami Heat,Utah Jazz
48,Philadelphia 76ers,Memphis Grizzlies
49,Toronto Raptors,Denver Nuggets
49,New Orleans Pelicans,LA Clippers
49,New York Knicks,Washington Wizards
49,Atlanta Hawks,Golden State Warriors
49,Minnesota Timberwolves,Houston Rockets
49,Brooklyn Nets,Cleveland Cavaliers
49,Detroit Pistons,Oklahoma City Thunder
50,Dallas Mavericks,Portland Trail Blazers
50,Phoenix Suns,Sacramento Kings
50,Utah Jazz,San Antonio Spurs
50,Indiana Pacers,Chicago Bulls
50,Miami Heat,Orlando Magic
51,Toronto Raptors,Philadelphia 76ers
51,Memphis Grizzlies,LA Clippers
51,Los Angeles Lakers,San Antonio Spurs
51,Atlanta Hawks,Washington Wizards
51,Dallas Mavericks,New Orleans Pelicans
51,Minnesota Timberwolves,Charlotte Hornets
51,Orlando Magic,Denver Nuggets
51,Milwaukee Bucks,Detroit Pistons
51,Brooklyn Nets,Oklahoma City Thunder
51,Cleveland Cavaliers,Golden State Warriors
52,Portland Trail Blazers,Phoenix Suns
52,Boston Celtics,New York Knicks
52,Utah Jazz,Houston Rockets
53,Brooklyn Nets,Toronto Raptors
53,San Antonio Spurs,Los Angeles Lakers
53,New Orleans Pelicans,Memphis Grizzlies
53,Cleveland Cavaliers,Sacramento Kings
53,Charlotte Hornets,Denver Nuggets
53,Chicago Bulls,Oklahoma City Thunder
53,Orlando Magic,Indiana Pacers
53,Phoenix Suns,Miami Heat
53,Milwaukee Bucks,Golden State Warriors
53,Philadelphia 76ers,Detroit Pistons
54,Portland Trail Blazers,Minnesota Timberwolves
54,LA Clippers,Miami Heat
54,New York Knicks,Brooklyn Nets
54,Memphis Grizzlies,Los Angeles Lakers
54,Cleveland Cavaliers,Washington Wizards
54,Dallas Mavericks,Houston Rockets
54,Atlanta Hawks,Denver Nuggets
54,Indiana Pacers,Sacramento Kings
54,Chicago Bulls,Boston Celtics
55,Toronto Raptors,Milwaukee Bucks
55,New York Knicks,Charlotte Hornets
55,Detroit Pistons,New Orleans Pelicans
55,San Antonio Spurs,Utah Jazz
56,Phoenix Suns,LA Clippers
56,Los Angeles Lakers,Miami Heat
56,Indiana Pacers,Washington Wizards
56,Dallas Mavericks,Orlando Magic
56,Boston Celtics,New Orleans Pelicans
56,Chicago Bulls,Sacramento Kings
56,Oklahoma City Thunder,Utah Jazz
56,Denver Nuggets,Memphis Grizzlies
56,Milwaukee Bucks,Cleveland Cavaliers
56,Golden State Warriors,Minnesota Timberwolves
56,Philadelphia 76ers,Detroit Pistons
57,LA Clippers,Toronto Raptors
57,Houston Rockets,Portland Trail Blazers
57,San Antonio Spurs,Phoenix Suns
58,Golden State Warriors,Toronto Raptors
58,Memphis Grizzlies,Portland Trail Blazers
58,Cleveland Cavaliers,New York Knicks
58,Washington Wizards,Boston Celtics
58,Dallas Mavericks,Atlanta Hawks
58,New Orleans Pelicans,Oklahoma City Thunder
58,Sacramento Kings,Minnesota Timberwolves
58,Charlotte Hornets,Detroit Pistons
58,Utah Jazz,Miami Heat
58,Indiana Pacers,Milwaukee Bucks
58,Philadelphia 76ers,Brooklyn Nets
59,San Antonio Spurs,LA Clippers
59,Houston Rockets,Los Angeles Lakers
59,Phoenix Suns,Dallas Mavericks
59,Orlando Magic,Chicago Bulls
60,Portland Trail Blazers,Toronto Raptors
60,Charlotte Hornets,New York Knicks
60,Brooklyn Nets,Washington Wizards
60,Boston Celtics,Atlanta Hawks
60,Sacramento Kings,Golden State Warriors
60,Denver Nuggets,Oklahoma City Thunder
60,Cleveland Cavaliers,Milwaukee Bucks
60,Memphis Grizzlies,Miami Heat
60,Philadelphia 76ers,Indiana Pacers
61,Oklahoma City Thunder,LA Clippers
61,Charlotte Hornets,Los Angeles Lakers
61,Orlando Magic,Utah Jazz
61,San Antonio Spurs,Chicago Bulls
61,Phoenix Suns,Minnesota Timberwolves
61,Detroit Pistons,Boston Celtics
61,Memphis Grizzlies,Houston Rockets
62,Denver Nuggets,Toronto Raptors
62,Indiana Pacers,New York Knicks
62,Washington Wizards,Los Angeles Lakers
62,Dallas Mavericks,Sacramento Kings
62,Brooklyn Nets,Atlanta Hawks
62,New Orleans Pelicans,Miami Heat
62,Cleveland Cavaliers,Philadelphia 76ers
63,LA Clippers,Portland Trail Blazers
63,New York Knicks,Phoenix Suns
63,Minnesota Timberwolves,Sacramento Kings
63,Houston Rockets,Utah Jazz
63,Oklahoma City Thunder,Chicago Bulls
63,Detroit Pistons,Milwaukee Bucks
63,Golden State Warriors,Memphis Grizzlies
63,San Antonio Spurs,Philadelphia 76ers
64,Brooklyn Nets,Los Angeles Lakers
64,Atlanta Hawks,Washington Wizards
64,Denver Nuggets,Dallas Mavericks
64,Indiana Pacers,Cleveland Cavaliers
65,Toronto Raptors,Indiana Pacers
65,Portland Trail Blazers,Memphis Grizzlies
65,Philadelphia 76ers,New York Knicks
65,Houston Rockets,Washington Wizards
65,Milwaukee Bucks,New Orleans Pelicans
65,Sacramento Kings,Oklahoma City Thunder
65,Charlotte Hornets,Cleveland Cavaliers
65,Golden State Warriors,Utah Jazz
65,Chicago Bulls,Brooklyn Nets
65,Orlando Magic,San Antonio Spurs
65,Boston Celtics,Phoenix Suns
65,Minnesota Timberwolves,Detroit Pistons
66,LA Clippers,Dallas Mavericks
66,Miami Heat,Houston Rockets
67,Toronto Raptors,Cleveland Cavaliers
67,Portland Trail Blazers,Utah Jazz
67,New York Knicks,Atlanta Hawks
67,Los Angeles Lakers,New Orleans Pelicans
67,Sacramento Kings,Memphis Grizzlies
67,Charlotte Hornets,Detroit Pistons
67,Chicago Bulls,Orlando Magic
67,Boston Celtics,Milwaukee Bucks
67,San Antonio Spurs,Minnesota Timberwolves
67,Brooklyn Nets,Indiana Pacers
68,Philadelphia 76ers,Toronto Raptors
68,LA Clippers,Denver Nuggets
68,Washington Wizards,Phoenix Suns
68,Golden State Warriors,Dallas Mavericks
68,Utah Jazz,Oklahoma City Thunder
68,Miami Heat,Milwaukee Bucks
68,Houston Rockets,San Antonio Spurs
69,Portland Trail Blazers,Dallas Mavericks
69,Golden State Warriors,LA Clippers
69,Los Angeles Lakers,Memphis Grizzlies
69,Indiana Pacers,Washington Wizards
69,Detroit Pistons,Atlanta Hawks
69,Sacramento Kings,New Orleans Pelicans
69,Boston Celtics,Charlotte Hornets
69,Chicago Bulls,Cleveland Cavaliers
69,Orlando Magic,Miami Heat
69,Brooklyn Nets,Phoenix Suns
69,Oklahoma City Thunder,Minnesota Timberwolves
71,Utah Jazz,Portland Trail Blazers
71,New York Knicks,Milwaukee Bucks
71,Golden State Warriors,Los Angeles Lakers
71,Boston Celtics,Philadelphia 76ers
71,Houston Rockets,Oklahoma City Thunder
72,Miami Heat,Toronto Raptors
72,LA Clippers,Sacramento Kings
72,Detroit Pistons,Washington Wizards
72,Dallas Mavericks,New Orleans Pelicans
72,Indiana Pacers,Atlanta Hawks
72,Brooklyn Nets,Charlotte Hornets
72,Chicago Bulls,Minnesota Timberwolves
72,San Antonio Spurs,Denver Nuggets
72,Orlando Magic,Phoenix Suns
72,Memphis Grizzlies,Cleveland Cavaliers
73,Golden State Warriors,Portland Trail Blazers
73,Milwaukee Bucks,New York Knicks
73,Sacramento Kings,Los Angeles Lakers
73,Utah Jazz,Philadelphia 76ers
73,Houston Rockets,Boston Celtics
74,Orlando Magic,Toronto Raptors
74,Los Angeles Lakers,LA Clippers
74,Washington Wizards,Chicago Bulls
74,New Orleans Pelicans,Dallas Mavericks
74,Minnesota Timberwolves,Atlanta Hawks
74,Brooklyn Nets,Charlotte Hornets
74,Denver Nuggets,San Antonio Spurs
74,Phoenix Suns,Oklahoma City Thunder
74,Miami Heat,Cleveland Cavaliers
74,Indiana Pacers,Detroit Pistons
75,Toronto Raptors,Charlotte Hornets
75,Portland Trail Blazers,Golden State Warriors
75,LA Clippers,San Antonio Spurs
75,Utah Jazz,New York Knicks
75,Atlanta Hawks,Cleveland Cavaliers
75,New Orleans Pelicans,Houston Rockets
75,Phoenix Suns,Denver Nuggets
75,Milwaukee Bucks,Brooklyn Nets
75,Memphis Grizzlies,Boston Celtics
76,Toronto Raptors,Chicago Bulls
76,Portland Trail Blazers,Philadelphia 76ers
76,Los Angeles Lakers,Sacramento Kings
76,Dallas Mavericks,Oklahoma City Thunder
76,Orlando Magic,Detroit Pistons
76,Miami Heat,Minnesota Timberwolves
77,Oklahoma City Thunder,Dallas Mavericks
77,Atlanta Hawks,Indiana Pacers
77,New Orleans Pelicans,Minnesota Timberwolves
77,Charlotte Hornets,Orlando Magic
77,Phoenix Suns,Golden State Warriors
77,San Antonio Spurs,Boston Celtics
77,Houston Rockets,Memphis Grizzlies
78,Toronto Raptors,Utah Jazz
78,Sacramento Kings,Portland Trail Blazers
78,LA Clippers,Philadelphia 76ers
78,Denver Nuggets,New York Knicks
78,Milwaukee Bucks,Detroit Pistons
79,Los Angeles Lakers,Oklahoma City Thunder
79,Washington Wizards,Atlanta Hawks
79,Dallas Mavericks,Charlotte Hornets
79,Brooklyn Nets,New Orleans Pelicans
79,Chicago Bulls,Orlando Magic
79,Phoenix Suns,Philadelphia 76ers
79,Boston Celtics,Minnesota Timberwolves
79,Cleveland Cavaliers,Miami Heat
79,Memphis Grizzlies,Detroit Pistons
80,San Antonio Spurs,Toronto Raptors
80,Sacramento Kings,Denver Nuggets
80,Golden State Warriors,Houston Rockets
81,Portland Trail Blazers,Oklahoma City Thunder
81,Phoenix Suns,LA Clippers
81,Los Angeles Lakers,New York Knicks
81,Miami Heat,Washington Wizards
81,Boston Celtics,Dallas Mavericks
81,Milwaukee Bucks,Atlanta Hawks
81,Cleveland Cavaliers,Utah Jazz
81,Chicago Bulls,Indiana Pacers
81,Minnesota Timberwolves,Orlando Magic
81,Memphis Grizzlies,Brooklyn Nets
82,Milwaukee Bucks,Toronto Raptors
82,Portland Trail Blazers,Houston Rockets
82,Philadelphia 76ers,Dallas Mavericks
82,Cleveland Cavaliers,New Orleans Pelicans
82,Sacramento Kings,Golden State Warriors
82,Denver Nuggets,Charlotte Hornets
82,Detroit Pistons,Utah Jazz
82,San Antonio Spurs,Memphis Grizzlies
83,Toronto Raptors,Indiana Pacers
83,LA Clippers,Orlando Magic
83,Minnesota Timberwolves,Los Angeles Lakers
83,Oklahoma City Thunder,Washington Wizards
83,Atlanta Hawks,Miami Heat
83,Phoenix Suns,Charlotte Hornets
83,Chicago Bulls,Brooklyn Nets
84,Portland Trail Blazers,New York Knicks
84,Dallas Mavericks,Los Angeles Lakers
84,New Orleans Pelicans,Memphis Grizzlies
84,Sacramento Kings,Orlando Magic
84,Milwaukee Bucks,Utah Jazz
84,Houston Rockets,Denver Nuggets
84,Boston Celtics,Brooklyn Nets
84,Detroit Pistons,San Antonio Spurs
85,Atlanta Hawks,Toronto Raptors
85,LA Clippers,Charlotte Hornets
85,Golden State Warriors,New York Knicks
85,Philadelphia 76ers,Washington Wizards
85,Phoenix Suns,Sacramento Kings
85,Miami Heat,Denver Nuggets
85,Oklahoma City Thunder,Minnesota Timberwolves
85,Cleveland Cavaliers,Indiana Pacers
86,Portland Trail Blazers,Chicago Bulls
86,Los Angeles Lakers,Detroit Pistons
86,Washington Wizards,Philadelphia 76ers
86,Dallas Mavericks,Phoenix Suns
86,Brooklyn Nets,Atlanta Hawks
86,New Orleans Pelicans,Cleveland Cavaliers
86,Utah Jazz,Orlando Magic
86,Houston Rockets,Milwaukee Bucks
86,Boston Celtics,Indiana Pacers
86,Memphis Grizzlies,San Antonio Spurs
87,Denver Nuggets,LA Clippers
87,Sacramento Kings,Detroit Pistons
87,Miami Heat,Boston Celtics
87,San Antonio Spurs,Oklahoma City Thunder
88,Toronto Raptors,Brooklyn Nets
88,Portland Trail Blazers,Charlotte Hornets
88,New York Knicks,Indiana Pacers
88,Utah Jazz,Los Angeles Lakers
88,Washington Wizards,Milwaukee Bucks
88,Minnesota Timberwolves,Dallas Mavericks
88,Philadelphia 76ers,Atlanta Hawks
88,Golden State Warriors,Chicago Bulls
88,Houston Rockets,Cleveland Cavaliers
89,LA Clippers,Detroit Pistons
89,Minnesota Timberwolves,New Orleans Pelicans
89,Sacramento Kings,Charlotte Hornets
89,Utah Jazz,Chicago Bulls
89,Phoenix Suns,Denver Nuggets
89,Orlando Magic,Boston Celtics
89,Oklahoma City Thunder,San Antonio Spurs
89,Miami Heat,Memphis Grizzlies
90,Washington Wizards,Toronto Raptors
90,Denver Nuggets,Portland Trail Blazers
90,New York Knicks,Philadelphia 76ers
90,Los Angeles Lakers,Cleveland Cavaliers
90,Dallas Mavericks,Golden State Warriors
90,Atlanta Hawks,Milwaukee Bucks
90,Orlando Magic,Houston Rockets
91,Sacramento Kings,Portland Trail Blazers
91,LA Clippers,New Orleans Pelicans
91,San Antonio Spurs,Charlotte Hornets
91,Detroit Pistons,Chicago Bulls
91,Brooklyn Nets,Boston Celtics
91,Houston Rockets,Memphis Grizzlies
92,Los Angeles Lakers,Chicago Bulls
92,Atlanta Hawks,Oklahoma City Thunder
92,Denver Nuggets,Golden State Warriors
92,Indiana Pacers,Phoenix Suns
92,Milwaukee Bucks,Miami Heat
92,Philadelphia 76ers,Minnesota Timberwolves
93,Boston Celtics,Toronto Raptors
93,Portland Trail Blazers,Cleveland Cavaliers
93,LA Clippers,Utah Jazz
93,Dallas Mavericks,San Antonio Spurs
93,Golden State Warriors,New Orleans Pelicans
93,Detroit Pistons,Orlando Magic
93,Milwaukee Bucks,Memphis Grizzlies
93,Houston Rockets,Brooklyn Nets
94,Toronto Raptors,Phoenix Suns
94,Washington Wizards,New York Knicks
94,Oklahoma City Thunder,Los Angeles Lakers
94,Charlotte Hornets,Sacramento Kings
94,Denver Nuggets,Chicago Bulls
94,Indiana Pacers,Philadelphia 76ers
95,Portland Trail Blazers,New Orleans Pelicans
95,LA Clippers,Golden State Warriors
95,Charlotte Hornets,Minnesota Timberwolves
95,Utah Jazz,Cleveland Cavaliers
95,Orlando Magic,Brooklyn Nets
95,Boston Celtics,Memphis Grizzlies
95,Detroit Pistons,Miami Heat
96,Toronto Raptors,Memphis Grizzlies
96,Houston Rockets,Los Angeles Lakers
96,Indiana Pacers,Dallas Mavericks
96,Atlanta Hawks,Boston Celtics
96,Detroit Pistons,Sacramento Kings
96,Charlotte Hornets,Phoenix Suns
96,Chicago Bulls,Miami Heat
96,Denver Nuggets,Cleveland Cavaliers
96,Orlando Magic,Milwaukee Bucks
96,Philadelphia 76ers,Oklahoma City Thunder
97,San Antonio Spurs,LA Clippers
97,Indiana Pacers,Charlotte Hornets
97,Minnesota Timberwolves,Phoenix Suns
98,Utah Jazz,Portland Trail Blazers
98,New York Knicks,Oklahoma City Thunder
98,Los Angeles Lakers,Golden State Warriors
98,Washington Wizards,Detroit Pistons
98,Milwaukee Bucks,Dallas Mavericks
98,Atlanta Hawks,Orlando Magic
98,Memphis Grizzlies,New Orleans Pelicans
98,Brooklyn Nets,Sacramento Kings
98,Chicago Bulls,Cleveland Cavaliers
98,Boston Celtics,Miami Heat
98,Philadelphia 76ers,Houston Rockets
99,Toronto Raptors,Sacramento Kings
99,Oklahoma City Thunder,Portland Trail Blazers
99,Dallas Mavericks,LA Clippers
99,Phoenix Suns,Minnesota Timberwolves
100,Indiana Pacers,Toronto Raptors
100,Miami Heat,LA Clippers
100,New York Knicks,Houston Rockets
100,Chicago Bulls,Atlanta Hawks
100,New Orleans Pelicans,Detroit Pistons
100,Memphis Grizzlies,Charlotte Hornets
100,Utah Jazz,Denver Nuggets
100,Brooklyn Nets,Orlando Magic
100,Boston Celtics,Cleveland Cavaliers
100,Philadelphia 76ers,San Antonio Spurs
101,Phoenix Suns,Portland Trail Blazers
101,Los Angeles Lakers,Minnesota Timberwolves
101,Washington Wizards,Golden State Warriors
101,New Orleans Pelicans,Oklahoma City Thunder
102,Houston Rockets,Toronto Raptors
102,Chicago Bulls,LA Clippers
102,Brooklyn Nets,New York Knicks
102,Orlando Magic,Washington Wizards
102,Dallas Mavericks,Detroit Pistons
102,Memphis Grizzlies,Sacramento Kings
102,Milwaukee Bucks,Charlotte Hornets
102,Utah Jazz,Minnesota Timberwolves
102,Denver Nuggets,Phoenix Suns
102,Cleveland Cavaliers,Miami Heat
103,Portland Trail Blazers,Atlanta Hawks
103,New Orleans Pelicans,San Antonio Spurs
103,Denver Nuggets,Philadelphia 76ers
103,Boston Celtics,Golden State Warriors
103,Memphis Grizzlies,Indiana Pacers
104,Dallas Mavericks,Toronto Raptors
104,LA Clippers,Sacramento Kings
104,New York Knicks,Miami Heat
104,Los Angeles Lakers,Phoenix Suns
104,San Antonio Spurs,Washington Wizards
104,Minnesota Timberwolves,Utah Jazz
104,Chicago Bulls,Cleveland Cavaliers
104,Houston Rockets,Orlando Magic
104,Oklahoma City Thunder,Milwaukee Bucks
105,LA Clippers,Atlanta Hawks
105,Charlotte Hornets,New York Knicks
105,Memphis Grizzlies,Denver Nuggets
105,Boston Celtics,Brooklyn Nets
105,Indiana Pacers,Golden State Warriors
106,Los Angeles Lakers,Philadelphia 76ers
106,Cleveland Cavaliers,Washington Wizards
106,Houston Rockets,New Orleans Pelicans
106,Brooklyn Nets,Chicago Bulls
106,Orlando Magic,Oklahoma City Thunder
106,San Antonio Spurs,Phoenix Suns
106,Detroit Pistons,Milwaukee Bucks
107,Portland Trail Blazers,Utah Jazz
107,New York Knicks,Dallas Mavericks
107,Washington Wizards,Indiana Pacers
107,Sacramento Kings,Atlanta Hawks
107,New Orleans Pelicans,Denver Nuggets
107,Boston Celtics,Charlotte Hornets
107,Miami Heat,Chicago Bulls
107,Minnesota Timberwolves,Memphis Grizzlies
108,Toronto Raptors,Milwaukee Bucks
108,LA Clippers,Los Angeles Lakers
108,Detroit Pistons,Dallas Mavericks
108,Orlando Magic,Indiana Pacers
108,San Antonio Spurs,Brooklyn Nets
108,Golden State Warriors,Philadelphia 76ers
109,New York Knicks,Boston Celtics
109,Utah Jazz,Atlanta Hawks
109,Charlotte Hornets,Memphis Grizzlies
109,Denver Nuggets,Houston Rockets
109,Miami Heat,Oklahoma City Thunder
110,Detroit Pistons,LA Clippers
110,Golden State Warriors,Los Angeles Lakers
110,Washington Wizards,Milwaukee Bucks
110,Cleveland Cavaliers,Dallas Mavericks
110,Phoenix Suns,Atlanta Hawks
110,San Antonio Spurs,New Orleans Pelicans
110,Sacramento Kings,Philadelphia 76ers
110,Charlotte Hornets,Chicago Bulls
110,Utah Jazz,Houston Rockets
110,Minnesota Timberwolves,Denver Nuggets
110,Orlando Magic,Brooklyn Nets
110,Miami Heat,Indiana Pacers
111,Toronto Raptors,LA Clippers
111,New York Knicks,Memphis Grizzlies
111,Boston Celtics,Oklahoma City Thunder
112,Washington Wizards,Atlanta Hawks
112,Indiana Pacers,New Orleans Pelicans
112,Sacramento Kings,San Antonio Spurs
112,Detroit Pistons,Denver Nuggets
112,Phoenix Suns,Houston Rockets
112,Brooklyn Nets,Milwaukee Bucks
113,Philadelphia 76ers,Toronto Raptors
113,Portland Trail Blazers,Miami Heat
113,Charlotte Hornets,LA Clippers
113,New York Knicks,Detroit Pistons
113,Indiana Pacers,Los Angeles Lakers
113,Houston Rockets,Dallas Mavericks
113,Chicago Bulls,Milwaukee Bucks
113,Oklahoma City Thunder,Orlando Magic
113,Boston Celtics,Cleveland Cavaliers
113,Memphis Grizzlies,Minnesota Timberwolves
114,Milwaukee Bucks,Washington Wizards
114,Charlotte Hornets,Dallas Mavericks
114,Chicago Bulls,New Orleans Pelicans
114,Sacramento Kings,Houston Rockets
114,Utah Jazz,Phoenix Suns
114,Brooklyn Nets,Denver Nuggets
114,Golden State Warriors,San Antonio Spurs
115,Atlanta Hawks,Toronto Raptors
115,San Antonio Spurs,Portland Trail Blazers
115,Indiana Pacers,LA Clippers
115,Orlando Magic,Minnesota Timberwolves
115,Oklahoma City Thunder,Memphis Grizzlies
116,Detroit Pistons,New York Knicks
116,Boston Celtics,Los Angeles Lakers
116,Washington Wizards,Cleveland Cavaliers
116,Dallas Mavericks,Milwaukee Bucks
116,New Orleans Pelicans,Minnesota Timberwolves
116,Sacramento Kings,Miami Heat
116,Brooklyn Nets,Chicago Bulls
116,Philadelphia 76ers,Denver Nuggets
116,Phoenix Suns,Golden State Warriors
117,Boston Celtics,LA Clippers
117,Chicago Bulls,Washington Wizards
117,Atlanta Hawks,Charlotte Hornets
117,Memphis Grizzlies,New Orleans Pelicans
117,Utah Jazz,San Antonio Spurs
117,Milwaukee Bucks,Orlando Magic
117,Houston Rockets,Oklahoma City Thunder
117,Indiana Pacers,Cleveland Cavaliers
118,New York Knicks,Toronto Raptors
118,Dallas Mavericks,Portland Trail Blazers
118,Philadelphia 76ers,Los Angeles Lakers
118,Atlanta Hawks,Orlando Magic
118,Sacramento Kings,Phoenix Suns
118,Golden State Warriors,Miami Heat
119,Toronto Raptors,Brooklyn Nets
119,Oklahoma City Thunder,Portland Trail Blazers
119,Minnesota Timberwolves,LA Clippers
119,Cleveland Cavaliers,New York Knicks
119,Detroit Pistons,Washington Wizards
119,Indiana Pacers,Charlotte Hornets
119,Denver Nuggets,Miami Heat
120,Atlanta Hawks,Los Angeles Lakers
120,New Orleans Pelicans,Orlando Magic
120,Utah Jazz,Golden State Warriors
120,Philadelphia 76ers,Boston Celtics
120,Memphis Grizzlies,San Antonio Spurs
121,Toronto Raptors,Washington Wizards
121,Portland Trail Blazers,Golden State Warriors
121,LA Clippers,Phoenix Suns
121,New York Knicks,Philadelphia 76ers
121,Dallas Mavericks,Miami Heat
121,Denver Nuggets,Sacramento Kings
121,Chicago Bulls,Memphis Grizzlies
121,Indiana Pacers,Milwaukee Bucks
121,Boston Celtics,Detroit Pistons
121,Minnesota Timberwolves,Houston Rockets
121,Cleveland Cavaliers,Brooklyn Nets
122,San Antonio Spurs,Atlanta Hawks
122,Oklahoma City Thunder,New Orleans Pelicans
122,Orlando Magic,Charlotte Hornets
129,Brooklyn Nets,Portland Trail Blazers
129,Los Angeles Lakers,Houston Rockets
129,Golden State Warriors,Sacramento Kings
129,Cleveland Cavaliers,Phoenix Suns
129,Milwaukee Bucks,Boston Celtics
129,Philadelphia 76ers,Miami Heat
130,Toronto Raptors,San Antonio Spurs
130,Memphis Grizzlies,LA Clippers
130,New York Knicks,Minnesota Timberwolves
130,Charlotte Hornets,Washington Wizards
130,Dallas Mavericks,Denver Nuggets
130,Atlanta Hawks,Detroit Pistons
130,Indiana Pacers,New Orleans Pelicans
130,Oklahoma City Thunder,Utah Jazz
130,Orlando Magic,Chicago Bulls
131,Philadelphia 76ers,Portland Trail Blazers
131,New Orleans Pelicans,Los Angeles Lakers
131,Washington Wizards,Indiana Pacers
131,Utah Jazz,Dallas Mavericks
131,Atlanta Hawks,Phoenix Suns
131,Oklahoma City Thunder,Sacramento Kings
131,Brooklyn Nets,Charlotte Hornets
131,Chicago Bulls,Boston Celtics
131,Milwaukee Bucks,Minnesota Timberwolves
131,Golden State Warriors,Houston Rockets
131,Miami Heat,Detroit Pistons
131,Cleveland Cavaliers,Memphis Grizzlies
132,Toronto Raptors,Orlando Magic
132,Denver Nuggets,LA Clippers
132,New York Knicks,San Antonio Spurs
133,Cleveland Cavaliers,Portland Trail Blazers
133,LA Clippers,Dallas Mavericks
133,Memphis Grizzlies,Los Angeles Lakers
133,Atlanta Hawks,Houston Rockets
133,New Orleans Pelicans,Philadelphia 76ers
133,Minnesota Timberwolves,Sacramento Kings
133,Charlotte Hornets,Golden State Warriors
133,Chicago Bulls,Milwaukee Bucks
133,Miami Heat,Phoenix Suns
133,Brooklyn Nets,San Antonio Spurs
133,Indiana Pacers,Detroit Pistons
134,Toronto Raptors,Boston Celtics
134,New York Knicks,Orlando Magic
134,Denver Nuggets,Oklahoma City Thunder
135,Boston Celtics,Portland Trail Blazers
135,Utah Jazz,LA Clippers
135,Los Angeles Lakers,New Orleans Pelicans
135,Brooklyn Nets,Washington Wizards
135,Dallas Mavericks,Indiana Pacers
135,Atlanta Hawks,Minnesota Timberwolves
135,Sacramento Kings,Milwaukee Bucks
135,Charlotte Hornets,Houston Rockets
135,Chicago Bulls,Memphis Grizzlies
135,Miami Heat,Golden State Warriors
135,San Antonio Spurs,Detroit Pistons
136,New York Knicks,Cleveland Cavaliers
136,Denver Nuggets,Utah Jazz
136,Orlando Magic,Golden State Warriors
136,Houston Rockets,Miami Heat
136,Indiana Pacers,Minnesota Timberwolves
136,Oklahoma City Thunder,Philadelphia 76ers
137,Toronto Raptors,Portland Trail Blazers
137,Sacramento Kings,LA Clippers
137,Indiana Pacers,New York Knicks
137,Los Angeles Lakers,Milwaukee Bucks
137,Boston Celtics,Washington Wizards
137,Atlanta Hawks,Chicago Bulls
137,Phoenix Suns,New Orleans Pelicans
137,Brooklyn Nets,Charlotte Hornets
138,Phoenix Suns,Los Angeles Lakers
138,Dallas Mavericks,Memphis Grizzlies
138,Denver Nuggets,New Orleans Pelicans
138,Utah Jazz,Milwaukee Bucks
138,Indiana Pacers,Orlando Magic
138,Miami Heat,Brooklyn Nets
138,San Antonio Spurs,Oklahoma City Thunder
138,Cleveland Cavaliers,Detroit Pistons
138,Philadelphia 76ers,Golden State Warriors
139,Detroit Pistons,Toronto Raptors
139,Charlotte Hornets,Portland Trail Blazers
139,LA Clippers,New York Knicks
139,Washington Wizards,Minnesota Timberwolves
139,Chicago Bulls,Atlanta Hawks
139,Cleveland Cavaliers,Orlando Magic
139,Boston Celtics,Houston Rockets
139,Oklahoma City Thunder,Memphis Grizzlies
140,Los Angeles Lakers,LA Clippers
140,Sacramento Kings,New York Knicks
140,Brooklyn Nets,Dallas Mavericks
140,Miami Heat,Atlanta Hawks
140,Utah Jazz,New Orleans Pelicans
140,San Antonio Spurs,Denver Nuggets
140,Phoenix Suns,Milwaukee Bucks
141,Toronto Raptors,Houston Rockets
141,Memphis Grizzlies,Portland Trail Blazers
141,Indiana Pacers,Chicago Bulls
141,Philadelphia 76ers,Orlando Magic
141,Golden State Warriors,Boston Celtics
141,Minnesota Timberwolves,Oklahoma City Thunder
142,Phoenix Suns,New York Knicks
142,Los Angeles Lakers,Denver Nuggets
142,Washington Wizards,Dallas Mavericks
142,Atlanta Hawks,San Antonio Spurs
142,New Orleans Pelicans,Utah Jazz
142,Sacramento Kings,Boston Celtics
142,Charlotte Hornets,Miami Heat
142,Chicago Bulls,Philadelphia 76ers
142,Detroit Pistons,Minnesota Timberwolves
142,Brooklyn Nets,Cleveland Cavaliers
143,Portland Trail Blazers,Oklahoma City Thunder
143,Milwaukee Bucks,Indiana Pacers
144,New Orleans Pelicans,Toronto Raptors
144,LA Clippers,Oklahoma City Thunder
144,Charlotte Hornets,Washington Wizards
144,Orlando Magic,Dallas Mavericks
144,Memphis Grizzlies,Utah Jazz
144,Chicago Bulls,Detroit Pistons
144,Golden State Warriors,Denver Nuggets
144,Houston Rockets,Philadelphia 76ers
144,Miami Heat,Cleveland Cavaliers
145,Portland Trail Blazers,Phoenix Suns
145,New York Knicks,Sacramento Kings
145,Los Angeles Lakers,Boston Celtics
145,Minnesota Timberwolves,Washington Wizards
145,Atlanta Hawks,Brooklyn Nets
145,Charlotte Hornets,Milwaukee Bucks
146,Miami Heat,Toronto Raptors
146,Minnesota Timberwolves,New York Knicks
146,Dallas Mavericks,Houston Rockets
146,Atlanta Hawks,New Orleans Pelicans
146,Utah Jazz,Detroit Pistons
146,Orlando Magic,Memphis Grizzlies
146,Golden State Warriors,Phoenix Suns
146,San Antonio Spurs,Milwaukee Bucks
146,Philadelphia 76ers,Indiana Pacers
147,Cleveland Cavaliers,Toronto Raptors
147,LA Clippers,Boston Celtics
147,Washington Wizards,Sacramento Kings
147,Houston Rockets,Charlotte Hornets
147,Utah Jazz,Oklahoma City Thunder
147,Brooklyn Nets,Detroit Pistons
148,LA Clippers,Portland Trail Blazers
148,Chicago Bulls,Los Angeles Lakers
148,Dallas Mavericks,San Antonio Spurs
148,New Orleans Pelicans,Milwaukee Bucks
148,Denver Nuggets,Minnesota Timberwolves
148,Philadelphia 76ers,Cleveland Cavaliers
149,Orlando Magic,Washington Wizards
149,Atlanta Hawks,Memphis Grizzlies
149,Phoenix Suns,Utah Jazz
149,Houston Rockets,Golden State Warriors
149,Oklahoma City Thunder,Brooklyn Nets
149,Miami Heat,Detroit Pistons
150,Toronto Raptors,Los Angeles Lakers
150,Dallas Mavericks,Denver Nuggets
150,Boston Celtics,Sacramento Kings
150,Utah Jazz,Minnesota Timberwolves
150,Orlando Magic,Cleveland Cavaliers
150,Indiana Pacers,Oklahoma City Thunder
151,New Orleans Pelicans,Portland Trail Blazers
151,LA Clippers,Chicago Bulls
151,San Antonio Spurs,New York Knicks
151,Detroit Pistons,Los Angeles Lakers
151,Washington Wizards,Charlotte Hornets
151,Philadelphia 76ers,Sacramento Kings
151,Houston Rockets,Phoenix Suns
151,Milwaukee Bucks,Miami Heat
152,San Antonio Spurs,Portland Trail Blazers
152,Washington Wizards,Memphis Grizzlies
152,Dallas Mavericks,Cleveland Cavaliers
152,Boston Celtics,Atlanta Hawks
152,New Orleans Pelicans,Phoenix Suns
152,Utah Jazz,Brooklyn Nets
152,Denver Nuggets,Indiana Pacers
152,Oklahoma City Thunder,Golden State Warriors
153,Detroit Pistons,Toronto Raptors
153,LA Clippers,Brooklyn Nets
153,New York Knicks,Los Angeles Lakers
153,Orlando Magic,Atlanta Hawks
153,Sacramento Kings,Chicago Bulls
153,Miami Heat,Charlotte Hornets
153,Milwaukee Bucks,Philadelphia 76ers
153,Houston Rockets,Minnesota Timberwolves
154,Portland Trail Blazers,Indiana Pacers
154,Washington Wizards,Utah Jazz
154,Dallas Mavericks,New Orleans Pelicans
154,Phoenix Suns,Chicago Bulls
154,Boston Celtics,Denver Nuggets
154,Oklahoma City Thunder,Miami Heat
154,Cleveland Cavaliers,Detroit Pistons
154,San Antonio Spurs,Golden State Warriors
155,LA Clippers,Indiana Pacers
155,Milwaukee Bucks,Los Angeles Lakers
155,Atlanta Hawks,Houston Rockets
155,Sacramento Kings,Brooklyn Nets
155,Charlotte Hornets,Philadelphia 76ers
155,Minnesota Timberwolves,Golden State Warriors
156,Oklahoma City Thunder,Toronto Raptors
156,Portland Trail Blazers,Dallas Mavericks
156,New York Knicks,Utah Jazz
156,Chicago Bulls,Washington Wizards
156,Orlando Magic,New Orleans Pelicans
156,Cleveland Cavaliers,Milwaukee Bucks
156,Philadelphia 76ers,Boston Celtics
156,Memphis Grizzlies,Houston Rockets
156,San Antonio Spurs,Miami Heat
157,Washington Wizards,Denver Nuggets
157,Sacramento Kings,Dallas Mavericks
157,Atlanta Hawks,Utah Jazz
157,Phoenix Suns,Detroit Pistons
157,Minnesota Timberwolves,San Antonio Spurs
157,Golden State Warriors,Indiana Pacers
158,Toronto Raptors,Oklahoma City Thunder
158,Cleveland Cavaliers,LA Clippers
158,New York Knicks,Denver Nuggets
158,Los Angeles Lakers,Brooklyn Nets
158,Orlando Magic,Memphis Grizzlies
158,Milwaukee Bucks,Miami Heat
158,Houston Rockets,San Antonio Spurs
159,Portland Trail Blazers,Detroit Pistons
159,Washington Wizards,Miami Heat
159,Golden State Warriors,Dallas Mavericks
159,Atlanta Hawks,Philadelphia 76ers
159,Sacramento Kings,Phoenix Suns
159,Charlotte Hornets,Boston Celtics
159,Chicago Bulls,Utah Jazz
159,Memphis Grizzlies,Minnesota Timberwolves
160,New York Knicks,LA Clippers
160,Los Angeles Lakers,Sacramento Kings
160,Washington Wizards,Charlotte Hornets
160,New Orleans Pelicans,Houston Rockets
160,Indiana Pacers,Denver Nuggets
160,Milwaukee Bucks,Cleveland Cavaliers
160,Boston Celtics,San Antonio Spurs
160,Golden State Warriors,Detroit Pistons
161,Portland Trail Blazers,Brooklyn Nets
161,Utah Jazz,Phoenix Suns
161,Orlando Magic,Philadelphia 76ers
161,Memphis Grizzlies,Oklahoma City Thunder
162,Toronto Raptors,Chicago Bulls
162,Minnesota Timberwolves,LA Clippers
162,Los Angeles Lakers,Washington Wizards
162,Dallas Mavericks,Sacramento Kings
162,New Orleans Pelicans,Atlanta Hawks
162,Charlotte Hornets,San Antonio Spurs
162,Denver Nuggets,Detroit Pistons
162,Miami Heat,Orlando Magic
162,Milwaukee Bucks,Houston Rockets
162,Boston Celtics,Cleveland Cavaliers
163,Chicago Bulls,Portland Trail Blazers
163,Utah Jazz,Los Angeles Lakers
163,Phoenix Suns,Washington Wizards
163,Oklahoma City Thunder,Indiana Pacers
163,Memphis Grizzlies,Golden State Warriors
164,New York Knicks,Toronto Raptors
164,Milwaukee Bucks,LA Clippers
164,Miami Heat,Dallas Mavericks
164,New Orleans Pelicans,Sacramento Kings
164,Houston Rockets,Denver Nuggets
164,Detroit Pistons,Orlando Magic
164,Philadelphia 76ers,Brooklyn Nets
164,San Antonio Spurs,Cleveland Cavaliers
165,Atlanta Hawks,Portland Trail Blazers
165,Los Angeles Lakers,Charlotte Hornets
165,Utah Jazz,Washington Wizards
165,Oklahoma City Thunder,Denver Nuggets
165,Boston Celtics,Indiana Pacers
165,Minnesota Timberwolves,Golden State Warriors
166,Chicago Bulls,Toronto Raptors
166,Detroit Pistons,Portland Trail Blazers
166,LA Clippers,Cleveland Cavaliers
166,New York Knicks,Miami Heat
166,Houston Rockets,Sacramento Kings
166,Indiana Pacers,Orlando Magic
166,Phoenix Suns,Memphis Grizzlies
166,Brooklyn Nets,Boston Celtics
166,Minnesota Timberwolves,Philadelphia 76ers
167,LA Clippers,Memphis Grizzlies
167,New Orleans Pelicans,Los Angeles Lakers
167,Denver Nuggets,Washington Wizards
167,Oklahoma City Thunder,Dallas Mavericks
167,Atlanta Hawks,Milwaukee Bucks
167,San Antonio Spurs,Sacramento Kings
167,Golden State Warriors,Charlotte Hornets
168,Toronto Raptors,Orlando Magic
168,Minnesota Timberwolves,Portland Trail Blazers
168,New York Knicks,Chicago Bulls
168,Dallas Mavericks,Philadelphia 76ers
168,Utah Jazz,Charlotte Hornets
168,Phoenix Suns,Cleveland Cavaliers
168,Brooklyn Nets,Milwaukee Bucks
168,Boston Celtics,Miami Heat
168,Detroit Pistons,Indiana Pacers
169,Atlanta Hawks,New York Knicks
169,Oklahoma City Thunder,Los Angeles Lakers
169,Sacramento Kings,Houston Rockets
169,Golden State Warriors,Denver Nuggets
170,Brooklyn Nets,Toronto Raptors
170,Portland Trail Blazers,Memphis Grizzlies
170,LA Clippers,Houston Rockets
170,Orlando Magic,New York Knicks
170,Washington Wizards,Chicago Bulls
170,Dallas Mavericks,Minnesota Timberwolves
170,Atlanta Hawks,Philadelphia 76ers
170,New Orleans Pelicans,Charlotte Hornets
170,Phoenix Suns,Utah Jazz
170,Denver Nuggets,San Antonio Spurs
170,Miami Heat,Boston Celtics
170,Detroit Pistons,Indiana Pacers
171,Toronto Raptors,New York Knicks
171,Los Angeles Lakers,Golden State Warriors
171,Sacramento Kings,Cleveland Cavaliers
171,Milwaukee Bucks,Philadelphia 76ers
172,Charlotte Hornets,Toronto Raptors
172,Denver Nuggets,Portland Trail Blazers
172,LA Clippers,Los Angeles Lakers
172,Houston Rockets,New York Knicks
172,Washington Wizards,San Antonio Spurs
172,Memphis Grizzlies,Dallas Mavericks
172,Orlando Magic,Atlanta Hawks
172,Phoenix Suns,New Orleans Pelicans
172,Utah Jazz,Sacramento Kings
172,Indiana Pacers,Boston Celtics
172,Minnesota Timberwolves,Miami Heat
172,Oklahoma City Thunder,Detroit Pistons
172,Golden State Warriors,Cleveland Cavaliers
173,Chicago Bulls,Philadelphia 76ers
173,Milwaukee Bucks,Brooklyn Nets
174,Toronto Raptors,Miami Heat
174,Portland Trail Blazers,Denver Nuggets
174,Golden State Warriors,LA Clippers
174,New York Knicks,Washington Wizards
174,Los Angeles Lakers,Utah Jazz
174,Memphis Grizzlies,Dallas Mavericks
174,Milwaukee Bucks,Atlanta Hawks
174,Sacramento Kings,New Orleans Pelicans
174,Detroit Pistons,Charlotte Hornets
174,Boston Celtics,Orlando Magic
174,Houston Rockets,Phoenix Suns
174,Minnesota Timberwolves,Oklahoma City Thunder
174,Indiana Pacers,Brooklyn Nets
174,Cleveland Cavaliers,San Antonio Spurs
176,Minnesota Timberwolves,Toronto Raptors
176,Los Angeles Lakers,Portland Trail Blazers
176,Chicago Bulls,New York Knicks
176,Washington Wizards,Boston Celtics
176,Dallas Mavericks,Phoenix Suns
176,New Orleans Pelicans,Golden State Warriors
176,Cleveland Cavaliers,Charlotte Hornets
176,Utah Jazz,Denver Nuggets
176,Oklahoma City Thunder,Houston Rockets
176,Miami Heat,Philadelphia 76ers
176,Detroit Pistons,Memphis Grizzlies
177,Portland Trail Blazers,Sacramento Kings
177,LA Clippers,Utah Jazz
177,New York Knicks,Detroit Pistons
177,San Antonio Spurs,Dallas Mavericks
177,Atlanta Hawks,Indiana Pacers
177,Charlotte Hornets,Orlando Magic
177,Philadelphia 76ers,Chicago Bulls
177,Denver Nuggets,Minnesota Timberwolves
177,Milwaukee Bucks,Oklahoma City Thunder
177,Brooklyn Nets,Miami Heat
177,Memphis Grizzlies,Golden State Warriors
